,rectal_temp,pulse,respiratory_rate,temp_of_extremities,peripheral_pulse,capillary_refill_time,pain,peristalsis,abdominal_distention,nasogastric_tube,nasogastric_reflux,nasogastric_reflux_ph,rectal_exam_feces,packed_cell_volume,total_protein,abdomo_appearance,abdomo_protein,lesion_1,lesion_2,lesion_3,age_is_adult,surgical_lesion_is_yes,surgery_is_yes,cp_data_is_no,abdomen_is_distend_small,abdomen_is_distend_large,abdomen_is_normal,abdomen_is_firm,abdomen_is_other,mucous_membrane_is_dark_cyanotic,mucous_membrane_is_pale_cyanotic,mucous_membrane_is_pale_pink,mucous_membrane_is_normal_pink,mucous_membrane_is_bright_pink,mucous_membrane_is_bright_red,outcome
0,0.37776922749878733,-0.46651403610922015,-0.12491338192068635,-1,-1,1,6,1,3,1,1,0.31881531274134417,-1,-0.437014159567461,-0.4870691647124885,2,-0.6237953318001346,1.374083976192577,-0.07546531948629838,-0.040274806222011794,1,0,0,1,0,1,0,0,0,0,0,0,0,0,0,0
1,1.2657015199748762,0.28958154734863656,-0.6113714873114556,-1,-1,-1,4,1,1,1,1,0.31881531274134417,-2,0.03775051941372667,2.3855402822374328,1,-0.8126465905286439,-0.29892110121927334,-0.07546531948629838,-0.040274806222011794,1,0,1,1,0,0,0,0,1,0,1,0,0,0,0,1
2,0.12407428679133078,-1.3600815438321416,-0.368142434616071,0,0,-1,4,0,0,1,1,0.31881531274134417,0,-1.5764493891223113,-0.550821593691795,2,-0.6237953318001346,-0.7052118195348657,-0.07546531948629838,-0.040274806222011794,1,0,0,0,0,0,1,0,0,0,0,1,0,0,0,2
3,1.138854049621148,2.9015481083848687,3.2802933558146985,-2,0,1,1,1,3,0,-1,0.31881531274134417,-1,-0.15215535217874837,-0.5320708792861165,2,1.2647172554849593,-0.29892110121927334,-0.07546531948629838,-0.040274806222011794,0,1,1,0,0,0,0,0,0,1,0,0,0,0,0,0
4,-1.1444004167459338,0.839469244408896,0.30073746029623677,-1,-1,1,1,0,2,1,1,0.31881531274134417,-2,2.3166209785234275,-0.5245705935238452,2,-0.6237953318001346,0.08602463370655056,-0.07546531948629838,-0.040274806222011794,1,0,0,1,0,0,0,0,0,1,0,0,0,0,0,0
5,-0.0027731835623884637,-0.5352499982417526,-0.30733517144222483,1,0,-1,1,0,1,1,0,0.31881531274134417,-1,-0.437014159567461,-0.5208204506427095,2,-0.6237953318001346,-0.7052118195348657,-0.07546531948629838,-0.040274806222011794,1,0,0,1,0,0,0,1,0,0,0,1,0,0,0,2
6,-0.3833155946235733,-1.085137695302012,-0.8546005400068403,0,0,-1,4,0,2,0,0,0.31881531274134417,-1,-1.196637645937361,-0.5395711650483879,2,-0.6237953318001346,-0.13036933583110188,-0.07546531948629838,-0.040274806222011794,1,1,1,1,0,1,0,0,0,0,0,0,1,0,0,2
7,-0.0027731835623884637,-0.6727219225068175,-0.30733517144222483,-1,-1,-1,1,1,1,1,0,0.31881531274134417,-1,-0.5319670953636985,-0.4908193075936242,2,-0.6237953318001346,-0.29892110121927334,-0.07546531948629838,-0.040274806222011794,1,1,1,1,1,0,0,0,0,0,0,0,0,0,0,0
8,-0.0027731835623884637,0.014637698818506841,0.3615447234700829,-1,-2,-1,5,1,3,1,0,0.31881531274134417,-1,-1.1016847101411236,-0.5695723080974733,2,-0.6237953318001346,-0.11546464915376359,-0.07546531948629838,-0.040274806222011794,1,1,0,1,0,1,0,0,0,0,0,1,0,0,0,1
9,0.12407428679133078,0.35831750948116897,-0.30733517144222483,0,-1,-1,6,0,0,1,0,0.31881531274134417,-1,-0.9117788385486486,-0.5695723080974733,0,-0.6867457513763041,-0.7052118195348657,-0.07546531948629838,-0.040274806222011794,0,0,0,0,0,0,0,0,0,0,0,0,1,0,0,2
10,-0.12962065391611674,-0.46651403610922015,-1.0978295927022248,-1,-1,-1,4,0,0,1,0,-0.7139372413191407,1,-0.5319670953636985,-0.5770725938597445,1,0.19456012269007292,-0.3143778133291057,-0.07546531948629838,-0.040274806222011794,1,1,1,0,0,1,0,0,0,0,0,0,0,0,1,2
11,1.138854049621148,-0.26030614971162286,1.3344609342516214,1,-1,-1,1,-2,1,0,0,0.31881531274134417,-2,0.03775051941372667,-0.5095700219993025,2,-0.6237953318001346,-0.31676992353657973,-0.07546531948629838,-0.040274806222011794,1,1,0,1,1,0,0,0,0,0,0,0,0,1,0,2
12,-1.271247887099653,-1.2913455816996093,-1.0978295927022248,1,0,-1,4,0,2,2,0,0.31881531274134417,-2,-0.437014159567461,-0.5395711650483879,2,-0.6237953318001346,0.05363914166690189,-0.07546531948629838,-0.040274806222011794,1,0,1,1,0,1,0,0,0,0,0,0,1,0,0,2
13,-0.256468124269845,0.42705347161370144,-0.12491338192068635,0,0,-1,0,0,1,2,1,1.4548431222078777,0,-1.196637645937361,-0.5733224509786089,0,-0.6237953318001346,-0.7052118195348657,-0.07546531948629838,-0.040274806222011794,0,0,0,0,0,0,1,0,0,0,0,0,0,1,0,0
14,-0.0027731835623884637,-0.12283422544655802,-0.12491338192068635,-1,0,-1,4,1,0,1,-1,0.31881531274134417,-2,-0.34206122377122344,2.2355345669920057,0,-0.8126465905286439,-0.31658591505908174,-0.07546531948629838,-0.040274806222011794,1,1,1,1,1,0,0,0,0,0,0,0,1,0,0,2
15,-0.763858005684749,0.5645253958787663,1.0912318815562367,-1,0,-1,6,0,2,1,1,0.06062717422622297,-2,-0.437014159567461,-0.5470714508106592,2,-0.6237953318001346,-0.11509663219876758,-0.07546531948629838,-0.040274806222011794,1,1,1,1,0,0,0,0,0,0,1,0,0,0,0,0
16,-0.0027731835623884637,1.6643007899992852,0.3615447234700829,-1,-1,1,5,1,2,2,1,0.31881531274134417,-2,0.32260932680243926,-0.5095700219993025,2,0.8870147380279407,-0.4475999510376604,-0.07546531948629838,-0.040274806222011794,0,0,1,0,0,1,0,0,0,0,1,0,0,0,0,0
17,-0.8907054760384773,-1.085137695302012,-0.368142434616071,-1,-1,-1,1,0,2,1,1,0.31881531274134417,-2,-0.437014159567461,-0.5208204506427095,2,-0.6237953318001346,-0.7052118195348657,-0.07546531948629838,-0.040274806222011794,1,0,0,1,0,0,0,0,0,0,0,0,0,0,0,2
18,-0.763858005684749,-0.5352499982417526,-0.5505642241376094,0,0,-1,1,0,0,0,0,0.31881531274134417,1,-0.9117788385486486,-0.5395711650483879,0,-0.6237953318001346,0.06854382834424019,-0.07546531948629838,-0.040274806222011794,1,1,1,0,0,1,0,0,0,0,0,0,0,1,0,2
19,1.5193964606823238,1.0456771308064934,0.30073746029623677,-2,-1,-1,1,0,2,1,1,0.31881531274134417,-2,0.5125151983949143,-0.47581873606908154,2,-0.6237953318001346,-0.7052118195348657,-0.07546531948629838,-0.040274806222011794,1,0,0,1,0,0,0,0,0,1,0,0,0,0,0,2
20,2.153633812450956,-0.26030614971162286,1.8209190396423907,0,0,1,6,1,3,2,0,0.31881531274134417,-2,-0.34206122377122344,-0.5733224509786089,1,-0.6237953318001346,-0.31676992353657973,-0.07546531948629838,-0.040274806222011794,1,1,1,1,1,0,0,0,0,0,0,0,0,0,1,2
21,0.25092175714505904,-1.085137695302012,-0.8546005400068403,0,-1,-1,0,0,0,1,1,0.5770034512564653,-2,-0.057202416382510855,-0.5470714508106592,2,-0.6237953318001346,-0.7052118195348657,-0.07546531948629838,-0.040274806222011794,1,0,0,1,0,0,0,1,0,0,0,0,1,0,0,2
22,0.5046166978525156,-1.2913455816996093,0.23993019712239058,1,0,-1,1,0,0,1,1,0.31881531274134417,0,-0.15215535217874837,-0.5320708792861165,2,-0.6237953318001346,-0.13276144603857595,-0.07546531948629838,-0.040274806222011794,1,1,1,1,0,0,0,0,0,0,1,0,0,0,0,2
23,0.12407428679133078,1.7330367521318175,1.8209190396423907,-1,-1,-1,1,1,2,1,1,0.31881531274134417,-2,0.03775051941372667,1.8230188500670825,2,-0.6237953318001346,-0.13276144603857595,-0.07546531948629838,-0.040274806222011794,0,1,1,1,0,0,0,0,0,0,0,0,0,0,0,2
24,-0.12962065391611674,-0.6727219225068175,-1.0978295927022248,-1,-1,-1,1,1,2,2,-1,-1.2303135183493832,-2,0.1327034552099642,1.635511706010299,2,-0.6237953318001346,-0.13276144603857595,-0.07546531948629838,-0.040274806222011794,1,1,1,1,0,0,0,0,0,0,0,1,0,0,0,2
25,-0.5101630649773016,-0.6727219225068175,0.7263883025131599,-1,-1,-1,1,0,2,1,1,0.31881531274134417,-2,-0.437014159567461,-0.5208204506427095,2,-0.6237953318001346,-0.7052118195348657,-0.07546531948629838,-0.040274806222011794,1,0,0,1,0,0,0,0,0,0,0,0,0,0,0,2
26,0.12407428679133078,-0.26030614971162286,-0.003298855572994037,-2,-1,1,4,0,2,1,0,0.31881531274134417,-1,-0.626920031159936,-0.5395711650483879,1,0.38341138141858216,-0.13276144603857595,-0.07546531948629838,-0.040274806222011794,1,1,1,0,0,1,0,0,0,0,0,1,0,0,0,2
27,-0.5101630649773016,-1.085137695302012,-1.0978295927022248,-1,0,-1,1,0,1,0,0,0.31881531274134417,0,-1.196637645937361,-0.5958233082654228,1,-1.2532995275618324,0.053271124711905884,-0.07546531948629838,-0.040274806222011794,1,0,1,0,0,0,0,1,0,0,0,0,1,0,0,2
28,-0.0027731835623884637,-0.5352499982417526,-0.30733517144222483,-1,-1,-1,1,0,2,1,1,0.31881531274134417,-2,-0.437014159567461,-0.5208204506427095,2,-0.6237953318001346,0.08602463370655056,-0.07546531948629838,-0.040274806222011794,1,0,1,1,0,0,0,0,0,0,0,0,0,0,0,0
29,-0.6370105353310208,-1.085137695302012,-0.30733517144222483,1,0,-1,0,-2,0,0,0,0.31881531274134417,-2,-0.437014159567461,2.0480274229352227,2,-0.6237953318001346,-0.7052118195348657,-0.07546531948629838,-0.040274806222011794,1,0,0,1,0,0,0,0,0,0,0,0,1,0,0,2
30,-0.6370105353310208,0.5645253958787663,-0.003298855572994037,-1,-1,1,6,1,3,2,-1,-0.19756096428889824,-2,1.556997492153527,-0.5208204506427095,2,-0.6237953318001346,0.06854382834424019,-0.07546531948629838,-0.040274806222011794,1,1,0,1,0,1,0,0,0,0,1,0,0,0,0,0
31,-1.271247887099653,0.9769411686739609,-1.0978295927022248,-1,-1,1,1,1,1,1,1,0.8351915897715866,-1,0.22765639100620172,-0.4945694504747599,2,2.586676066584525,-0.29910510969677134,-0.07546531948629838,-0.040274806222011794,1,1,0,0,0,0,0,1,0,0,1,0,0,0,0,1
32,-1.271247887099653,-0.6727219225068175,-0.30733517144222483,1,0,-1,4,0,2,1,0,0.31881531274134417,-2,-0.626920031159936,-0.5545717365729306,2,-0.6237953318001346,-0.29873709274177535,-0.07546531948629838,-0.040274806222011794,1,1,1,1,0,1,0,0,0,0,0,0,1,0,0,2
33,-0.0027731835623884637,-0.5352499982417526,-0.12491338192068635,0,0,-1,4,-2,2,1,1,0.31881531274134417,-2,-0.057202416382510855,-0.4795688789502172,1,2.0830727099751667,-0.29892110121927334,-0.07546531948629838,-0.040274806222011794,1,1,1,0,1,0,0,0,0,0,0,0,1,0,0,2
34,-0.0027731835623884637,0.7019973201438311,-0.003298855572994037,-1,-1,1,6,1,3,2,1,0.31881531274134417,-2,0.22765639100620172,-0.5545717365729306,2,-0.6237953318001346,-0.49838629082710945,-0.07546531948629838,-0.040274806222011794,1,1,1,1,1,0,0,0,0,0,1,0,0,0,0,2
35,-0.0027731835623884637,0.839469244408896,-0.368142434616071,-2,-1,1,5,1,2,1,1,0.31881531274134417,-2,2.22166804272719,-0.4870691647124885,2,-0.6237953318001346,0.6032724639534391,-0.07546531948629838,-0.040274806222011794,1,1,0,1,0,0,0,0,1,0,0,1,0,0,0,1
36,0.12407428679133078,1.1144130929390257,-0.8546005400068403,-1,-1,1,1,0,0,0,-1,0.31881531274134417,-2,0.1327034552099642,-0.5770725938597445,1,-1.4421507862903418,0.252552305842244,-0.07546531948629838,-0.040274806222011794,1,0,0,0,0,1,0,0,0,0,0,0,0,0,1,1
37,-0.5101630649773016,-0.26030614971162286,-0.30733517144222483,-1,-1,-1,6,0,0,1,0,0.31881531274134417,0,0.6074681341911519,2.1980331381806493,0,-0.8126465905286439,-0.13276144603857595,-0.07546531948629838,-0.040274806222011794,1,1,1,1,0,0,1,0,0,0,0,0,0,0,0,2
38,0.5046166978525156,-0.9476657710369472,-0.30733517144222483,0,0,-1,4,0,1,0,0,0.31881531274134417,0,-1.6714023249185488,-0.5545717365729306,0,1.07586599675645,-0.7052118195348657,-0.07546531948629838,-0.040274806222011794,1,0,0,0,0,0,0,1,0,0,0,0,1,0,0,2
39,1.2657015199748762,2.282924449192077,4.009980513900852,-1,-1,-1,1,0,2,1,1,0.31881531274134417,-2,-0.437014159567461,-0.5208204506427095,2,-0.6237953318001346,-0.31640190658158374,-0.07546531948629838,-0.040274806222011794,0,1,1,1,0,0,0,0,0,0,0,0,0,0,0,0
40,-0.0027731835623884637,0.28958154734863656,-0.30733517144222483,-1,-1,1,6,0,2,0,1,0.31881531274134417,-2,1.2721386847648146,-0.5583218794540662,2,-0.6237953318001346,0.06854382834424019,-0.07546531948629838,-0.040274806222011794,1,1,1,1,0,1,0,0,0,1,0,0,0,0,0,0
41,1.0120065792674195,2.420396373457142,2.5506061977285444,-1,-1,-1,1,0,2,1,1,0.31881531274134417,-2,-0.2471082879749859,-0.4833190218313529,2,-2.00870456247587,1.0244678689463698,-0.07546531948629838,-0.040274806222011794,0,1,0,0,0,0,0,0,0,0,0,0,0,0,0,2
42,-0.256468124269845,-0.6727219225068175,-1.0978295927022248,-1,0,-1,4,0,0,0,0,0.31881531274134417,1,-0.2471082879749859,-0.5395711650483879,2,-0.6237953318001346,-0.13276144603857595,-0.07546531948629838,-0.040274806222011794,1,0,0,1,0,0,0,0,1,0,0,1,0,0,0,2
43,-0.0027731835623884637,1.3893569414691553,-0.30733517144222483,-1,-2,-1,5,1,3,0,0,0.31881531274134417,-2,0.22765639100620172,1.7105145636330126,1,-0.8126465905286439,-0.11546464915376359,-0.07546531948629838,-0.040274806222011794,1,1,1,1,0,1,0,0,0,0,1,0,0,0,0,1
44,-3.554502353466735,2.0767165627944797,-0.368142434616071,-1,-1,1,5,1,2,1,0,0.31881531274134417,-2,0.7024210699873894,1.7855174212557259,2,-0.8126465905286439,-0.11546464915376359,-0.07546531948629838,-0.040274806222011794,1,1,1,1,0,1,0,0,0,0,1,0,0,0,0,1
45,-0.0027731835623884637,1.3893569414691553,-0.30733517144222483,-2,-1,1,6,1,3,0,0,0.31881531274134417,-2,0.9872798773761019,-0.5583218794540662,2,-0.6237953318001346,-0.11546464915376359,-0.07546531948629838,-0.040274806222011794,1,1,0,1,0,1,0,0,0,0,1,0,0,0,0,0
46,-0.3833155946235733,-0.6727219225068175,-0.9154078031806864,-1,-1,1,6,1,3,1,-1,0.31881531274134417,-2,1.4620445563572895,-0.5208204506427095,2,-0.6237953318001346,-0.281072278901967,-0.07546531948629838,-0.040274806222011794,1,1,1,0,0,1,0,0,0,0,1,0,0,0,0,2
47,-0.8907054760384773,-1.085137695302012,-0.8546005400068403,0,0,-1,0,-2,0,0,0,0.31881531274134417,0,-1.196637645937361,-0.5583218794540662,2,-0.6237953318001346,-0.7052118195348657,-0.07546531948629838,-0.040274806222011794,1,0,0,1,0,0,0,0,0,0,0,0,1,0,0,2
48,0.8851591089136914,0.014637698818506841,0.8480028288608521,-1,-1,1,1,0,2,1,-1,1.3515678668018292,-1,0.4175622625986768,-0.5583218794540662,2,-0.6237953318001346,0.6032724639534391,-0.07546531948629838,-0.040274806222011794,1,1,1,1,0,0,1,0,0,0,0,1,0,0,0,0
49,-1.271247887099653,0.1521096230835717,1.0912318815562367,-1,-1,1,5,-2,1,0,-1,0.31881531274134417,1,2.22166804272719,-0.5958233082654228,1,0.5093122205709216,0.08602463370655056,-0.07546531948629838,-0.040274806222011794,1,0,0,0,0,0,1,0,0,0,0,0,0,0,1,0
50,0.5046166978525156,-1.1538736574345445,-0.30733517144222483,0,0,-1,0,0,1,0,0,0.31881531274134417,-2,-0.057202416382510855,-0.4608181645445389,0,-1.064448268833323,-0.13276144603857595,-0.07546531948629838,-0.040274806222011794,1,0,0,0,0,0,0,0,1,0,0,0,0,1,0,2
51,-1.0175529463922055,0.1521096230835717,0.3615447234700829,0,-1,1,4,0,1,1,1,0.31881531274134417,-2,-0.437014159567461,-0.5208204506427095,2,-0.6237953318001346,0.6213052947482436,-0.07546531948629838,-0.040274806222011794,1,1,1,0,0,1,0,0,0,0,0,1,0,0,0,0
52,-0.0027731835623884637,-0.5352499982417526,-0.30733517144222483,0,0,-1,0,0,0,1,1,0.31881531274134417,1,-0.626920031159936,-0.5133201648804382,2,-0.6237953318001346,-0.13276144603857595,-0.07546531948629838,-0.040274806222011794,1,0,0,1,0,0,0,0,1,0,0,1,0,0,0,2
53,0.5046166978525156,-1.3600815438321416,-0.6113714873114556,-1,-1,-1,1,0,2,1,1,0.31881531274134417,-2,-0.8168259027524111,-0.5620720223352018,2,-0.6237953318001346,-0.13276144603857595,-0.07546531948629838,-0.040274806222011794,1,0,0,0,0,0,0,0,0,0,0,0,0,0,0,2
54,2.66102369386586,1.1831490550715582,0.3615447234700829,-1,-1,1,1,0,2,1,0,1.3515678668018292,0,0.7024210699873894,-0.49831959335589554,2,0.761113898875601,0.6564509139503623,-0.07546531948629838,-0.040274806222011794,1,1,0,0,0,1,0,0,0,0,0,0,1,0,0,1
55,0.5046166978525156,2.764076184119804,-0.6113714873114556,-1,-1,-1,4,0,3,2,1,0.31881531274134417,-2,-1.1016847101411236,-0.5208204506427095,1,-0.6237953318001346,0.6032724639534391,-0.07546531948629838,-0.040274806222011794,0,1,1,0,0,0,0,0,0,0,0,0,0,0,1,0
56,-0.0027731835623884637,-0.5352499982417526,-0.30733517144222483,-1,-1,-1,1,0,2,1,1,0.31881531274134417,-2,-2.431025811288449,-0.550821593691795,2,-0.6237953318001346,-0.13257743756107793,-0.07546531948629838,-0.040274806222011794,1,1,1,1,0,0,0,0,0,0,0,0,0,0,0,2
57,-0.0027731835623884637,-0.5352499982417526,0.3615447234700829,1,-1,-1,6,0,2,1,-1,0.31881531274134417,-2,-0.7218729669561735,-0.5133201648804382,2,-0.6237953318001346,-0.11472861524377156,-0.07546531948629838,-0.040274806222011794,1,1,1,1,0,0,0,0,0,0,0,0,0,1,0,0
58,-0.0027731835623884637,-0.5352499982417526,-0.6113714873114556,-2,-1,-1,6,1,2,1,1,0.31881531274134417,-2,0.32260932680243926,-0.5808227367408801,2,-0.6237953318001346,-0.11546464915376359,-0.07546531948629838,-0.040274806222011794,1,1,1,0,1,0,0,0,0,0,0,1,0,0,0,0
59,-0.0027731835623884637,0.5645253958787663,-0.30733517144222483,-1,-1,1,6,1,3,0,-1,0.31881531274134417,-2,0.9872798773761019,-0.5208204506427095,2,-0.6237953318001346,0.06854382834424019,-0.07546531948629838,-0.040274806222011794,1,1,0,1,0,1,0,0,0,0,0,1,0,0,0,0
60,-0.5101630649773016,-1.085137695302012,0.11831567077469828,0,0,-1,1,-2,2,0,0,0.31881531274134417,-2,-1.196637645937361,-0.550821593691795,2,-0.6237953318001346,-0.3143778133291057,-0.07546531948629838,-0.040274806222011794,1,0,0,1,0,1,0,0,0,0,0,1,0,0,0,2
61,0.37776922749878733,-0.6727219225068175,-0.30733517144222483,1,1,-1,0,-1,1,1,0,0.31881531274134417,0,-0.5319670953636985,-0.5133201648804382,2,-0.6237953318001346,-0.7052118195348657,-0.07546531948629838,-0.040274806222011794,1,0,0,1,0,0,1,0,0,0,0,0,1,0,0,2
62,-0.5101630649773016,0.28958154734863656,-0.4897569609637633,1,0,-1,4,0,2,1,1,0.31881531274134417,-2,1.367091620561052,-0.5020697362370312,0,1.705370192518148,-0.11546464915376359,-0.07546531948629838,-0.040274806222011794,1,1,1,0,0,0,0,0,0,0,0,0,0,1,0,0
63,-0.0027731835623884637,1.7330367521318175,-0.8546005400068403,-2,-1,1,1,1,3,0,0,0.31881531274134417,-2,1.4620445563572895,2.2730359958033626,1,-0.8126465905286439,-0.29873709274177535,7.154920217020956,-0.040274806222011794,1,0,0,1,0,0,0,0,0,0,1,0,0,0,0,1
64,1.0120065792674195,-0.5352499982417526,0.3615447234700829,-1,0,1,4,0,1,0,-1,1.3515678668018292,-2,-0.5319670953636985,-0.5208204506427095,2,1.07586599675645,-0.31640190658158374,-0.07546531948629838,-0.040274806222011794,1,1,1,0,0,1,0,0,0,0,1,0,0,0,0,2
65,-0.0027731835623884637,-0.6727219225068175,0.3615447234700829,-1,0,-1,4,0,1,0,0,0.31881531274134417,-1,-2.241119939695974,1.8980217076897958,1,-1.4421507862903418,-0.29892110121927334,-0.07546531948629838,-0.040274806222011794,1,1,1,1,1,0,0,0,0,0,0,1,0,0,0,2
66,-0.3833155946235733,-0.26030614971162286,-0.30733517144222483,0,0,1,4,0,0,0,1,-1.2303135183493832,-1,0.7973740057836268,1.9730245653125091,0,-0.8126465905286439,-0.2779441347845009,-0.07546531948629838,-0.040274806222011794,1,1,0,1,1,0,0,0,0,0,0,0,0,0,1,2
67,0.25092175714505904,-0.8789298089044147,-0.368142434616071,0,0,-1,0,0,0,1,0,0.31881531274134417,-1,-0.057202416382510855,-0.5320708792861165,0,-0.6237953318001346,-0.13276144603857595,-0.07546531948629838,-0.040274806222011794,1,0,0,0,0,0,0,0,1,0,0,0,1,0,0,2
68,-0.0027731835623884637,-0.9476657710369472,-0.8546005400068403,0,-1,-1,1,0,2,1,1,0.5770034512564653,-2,0.5125151983949143,-0.5320708792861165,2,-0.6237953318001346,-0.3143778133291057,-0.07546531948629838,-0.040274806222011794,1,0,0,1,0,0,0,0,0,0,0,1,0,0,0,2
69,-0.256468124269845,-1.085137695302012,-1.0978295927022248,0,0,-1,0,0,2,0,0,0.31881531274134417,-1,-0.7218729669561735,-0.5658221652163375,1,0.5093122205709216,-0.13276144603857595,-0.07546531948629838,-0.040274806222011794,1,0,0,0,0,0,0,0,1,0,0,0,1,0,0,2
70,-1.5249428278071095,-0.6727219225068175,-0.6113714873114556,-1,-1,-1,4,0,2,1,-1,0.06062717422622297,-2,-0.626920031159936,-0.5170703077615739,2,-0.6237953318001346,-0.29873709274177535,-0.07546531948629838,-0.040274806222011794,1,1,0,0,1,0,0,0,0,0,0,0,0,0,0,1
71,-0.5101630649773016,-1.085137695302012,-0.12491338192068635,0,0,-1,0,-1,0,1,1,0.31881531274134417,0,-0.34206122377122344,-0.5808227367408801,1,2.3348743882798457,-0.7052118195348657,-0.07546531948629838,-0.040274806222011794,1,0,1,0,0,0,1,0,0,0,0,0,1,0,0,2
72,-0.6370105353310208,-0.8101938467718823,-0.30733517144222483,-1,-1,-1,1,0,2,1,1,0.31881531274134417,-2,-0.437014159567461,-0.5208204506427095,2,-0.6237953318001346,-0.31640190658158374,-0.07546531948629838,-0.040274806222011794,1,1,1,1,0,0,0,0,0,0,0,0,0,0,0,0
73,-0.12962065391611674,-0.9476657710369472,-0.368142434616071,0,0,-1,5,0,0,1,1,1.3515678668018292,0,0.4175622625986768,-0.5208204506427095,1,-0.434944073071625,-0.31658591505908174,-0.07546531948629838,-0.040274806222011794,1,1,1,0,0,0,0,0,0,0,0,0,0,0,1,0
74,-0.0027731835623884637,-0.5352499982417526,-0.30733517144222483,-1,-1,-1,1,0,2,1,1,0.31881531274134417,-2,-1.196637645937361,-0.6183241655522368,2,-0.6237953318001346,1.3416984841529283,-0.07546531948629838,-0.040274806222011794,0,1,1,1,0,0,0,0,0,0,0,0,0,0,0,0
75,1.8999388717435086,0.7019973201438311,-0.30733517144222483,-1,-1,1,1,0,2,1,1,0.31881531274134417,-2,-0.15215535217874837,1.3355002755194458,1,-0.8126465905286439,-0.4475999510376604,-0.07546531948629838,-0.040274806222011794,0,1,1,1,0,0,0,0,0,0,0,0,0,0,1,1
76,-0.763858005684749,-1.4288175059646742,-0.6113714873114556,-1,-1,-1,4,0,1,1,1,0.31881531274134417,-1,-1.196637645937361,1.7480159924443692,2,-0.6237953318001346,-0.11546464915376359,-0.07546531948629838,-0.040274806222011794,1,1,1,1,0,0,0,0,0,0,0,0,1,0,0,2
77,0.6314641682062438,-0.9476657710369472,-0.6113714873114556,1,-1,-1,0,-2,0,0,0,0.31881531274134417,0,-1.5764493891223113,2.085528851746579,2,-0.6237953318001346,-0.7052118195348657,-0.07546531948629838,-0.040274806222011794,1,0,0,1,0,0,1,0,0,0,0,0,1,0,0,2
78,-0.0027731835623884637,-0.5352499982417526,-0.30733517144222483,-1,-1,0,6,0,2,2,-1,0.31881531274134417,-2,-0.34206122377122344,-0.5808227367408801,2,-0.6237953318001346,-0.14858617510340427,-0.07546531948629838,-0.040274806222011794,1,1,1,1,0,1,0,0,0,0,0,1,0,0,0,0
79,-0.8907054760384773,0.5645253958787663,-0.732986013659148,0,-1,1,4,1,1,1,1,0.31881531274134417,-2,1.8418562995422396,-0.4683184503068102,2,-0.6237953318001346,-0.29892110121927334,-0.07546531948629838,-0.040274806222011794,1,1,1,0,1,0,0,0,0,1,0,0,0,0,0,2
80,-2.28602764992947,0.6332613580112987,0.30073746029623677,-1,-1,-1,5,0,1,1,1,0.31881531274134417,-2,-0.2471082879749859,-0.5620720223352018,2,0.19456012269007292,-0.29947312665176734,-0.07546531948629838,-0.040274806222011794,1,1,1,0,1,0,0,0,0,0,1,0,0,0,0,0
81,-1.1444004167459338,-1.3600815438321416,-0.30733517144222483,-1,-1,-1,1,0,1,2,0,0.31881531274134417,-1,-1.2915905817335986,-0.5208204506427095,2,-0.8126465905286439,-0.13276144603857595,-0.07546531948629838,-0.040274806222011794,1,1,1,1,0,1,0,0,0,0,0,0,1,0,0,2
82,-0.12962065391611674,0.7019973201438311,3.0370643031193136,-1,0,-1,4,1,0,1,1,0.31881531274134417,0,-1.2915905817335986,-0.5883230225031516,2,-0.6237953318001346,-0.13276144603857595,-0.07546531948629838,-0.040274806222011794,0,1,1,1,0,0,0,0,0,0,0,0,0,1,0,2
83,-0.256468124269845,-0.5352499982417526,-0.368142434616071,-1,-1,1,6,0,3,0,0,0.31881531274134417,-2,1.746903363746002,-0.5095700219993025,2,-0.6237953318001346,-0.11546464915376359,-0.07546531948629838,-0.040274806222011794,1,1,1,1,0,0,0,0,0,1,0,0,0,0,0,0
84,-0.5101630649773016,-0.6727219225068175,3.0370643031193136,0,-1,1,1,0,2,1,-1,0.5770034512564653,-2,-0.9117788385486486,-0.6333247370767795,1,-0.6237953318001346,0.252736314319742,-0.07546531948629838,-0.040274806222011794,1,1,1,0,0,0,0,0,0,0,0,0,0,1,0,2
85,-0.256468124269845,-0.8789298089044147,-0.003298855572994037,1,-1,0,4,-2,1,1,-1,0.31881531274134417,-2,-0.437014159567461,-0.5695723080974733,2,-0.6237953318001346,-0.6316084285356642,-0.07546531948629838,-0.040274806222011794,1,0,0,1,1,0,0,0,0,0,0,1,0,0,0,2
86,-0.0027731835623884637,0.28958154734863656,0.6047737761654676,-1,-1,1,6,1,2,2,1,0.31881531274134417,-2,0.03775051941372667,-0.5133201648804382,2,-1.1903491079856627,0.06854382834424019,-0.07546531948629838,-0.040274806222011794,1,1,1,0,0,1,0,0,0,0,1,0,0,0,0,0
87,-0.0027731835623884637,-1.3600815438321416,-0.8546005400068403,-1,-1,-1,1,0,2,1,1,0.31881531274134417,-2,0.03775051941372667,-0.5395711650483879,1,0.38341138141858216,-0.29892110121927334,-0.07546531948629838,-0.040274806222011794,1,1,0,0,0,0,0,0,0,0,0,0,0,0,0,1
88,1.0120065792674195,-0.5352499982417526,0.6047737761654676,0,0,-1,4,0,1,1,0,0.31881531274134417,-1,-0.7218729669561735,-0.5208204506427095,1,-0.6237953318001346,0.2148305679551532,-0.07546531948629838,-0.040274806222011794,1,0,0,0,0,0,0,1,0,0,0,0,0,0,1,2
89,0.12407428679133078,-1.2913455816996093,-1.2194441190499172,0,0,-1,0,-2,0,1,1,0.31881531274134417,-2,-1.1016847101411236,1.4855059907648724,2,-0.6237953318001346,-0.7052118195348657,-0.07546531948629838,-0.040274806222011794,1,0,0,1,0,0,0,0,0,0,0,0,1,0,0,2
90,-0.256468124269845,-0.9476657710369472,-0.8546005400068403,-1,-1,-1,1,0,2,1,1,-1.7466897953796257,0,0.32260932680243926,2.423041711048789,2,-0.6237953318001346,-0.2779441347845009,-0.07546531948629838,-0.040274806222011794,1,1,0,1,0,0,1,0,0,0,0,0,0,0,0,2
91,2.66102369386586,1.1831490550715582,0.3615447234700829,-1,-1,1,1,0,2,1,0,1.3515678668018292,0,0.7024210699873894,-0.49831959335589554,2,0.761113898875601,-0.11546464915376359,-0.07546531948629838,-0.040274806222011794,1,1,0,0,0,1,0,0,0,0,0,0,1,0,0,0
92,0.7583116385599631,-1.0164017331694797,-0.6113714873114556,-1,0,-1,0,-2,0,1,0,0.31881531274134417,-1,-0.7218729669561735,-0.5695723080974733,2,-0.6237953318001346,-0.7052118195348657,-0.07546531948629838,-0.040274806222011794,1,0,0,1,0,0,1,0,0,0,0,0,1,0,0,2
93,-0.0027731835623884637,-0.5352499982417526,-0.30733517144222483,-1,-1,-1,6,0,2,0,0,0.31881531274134417,-2,-1.1016847101411236,-0.5583218794540662,2,-0.6237953318001346,-0.11546464915376359,-0.07546531948629838,-0.040274806222011794,1,1,0,1,0,1,0,0,0,0,0,0,1,0,0,0
94,-0.8907054760384773,-1.085137695302012,-0.003298855572994037,-2,0,-1,1,-1,0,0,0,0.31881531274134417,0,-0.15215535217874837,-0.4795688789502172,2,-0.6237953318001346,-0.7052118195348657,-0.07546531948629838,-0.040274806222011794,1,0,0,1,0,0,1,0,0,0,0,1,0,0,0,2
95,-1.1444004167459338,-1.085137695302012,-0.6113714873114556,-1,0,-1,4,0,2,1,0,0.31881531274134417,-1,-0.8168259027524111,1.7855174212557259,2,-0.6237953318001346,-0.11546464915376359,-0.07546531948629838,-0.040274806222011794,1,1,1,1,0,1,0,0,0,0,0,0,0,1,0,2
96,-0.0027731835623884637,0.1521096230835717,0.3615447234700829,-1,-1,-1,1,0,0,1,0,0.31881531274134417,-1,-0.5319670953636985,-0.4833190218313529,2,-0.6237953318001346,-0.13276144603857595,-0.07546531948629838,-0.040274806222011794,1,1,0,1,0,0,0,0,1,0,0,1,0,0,0,2
97,-0.12962065391611674,0.28958154734863656,0.11831567077469828,-1,-1,-1,1,0,2,1,1,-1.7466897953796257,-2,0.5125151983949143,1.4480045619535158,2,-0.6237953318001346,-0.11546464915376359,-0.07546531948629838,-0.040274806222011794,1,0,1,1,0,1,0,0,0,0,1,0,0,0,0,1
98,-0.6370105353310208,-1.2226096195670768,0.6047737761654676,1,0,-1,0,0,1,0,0,0.31881531274134417,0,-0.8168259027524111,1.4480045619535158,2,-0.6237953318001346,-0.7052118195348657,-0.07546531948629838,-0.040274806222011794,1,0,0,1,0,1,0,0,0,0,0,1,0,0,0,2
99,1.7730914013897803,0.9769411686739609,1.2736536710777753,-1,-1,1,1,1,2,0,-1,0.31881531274134417,-1,0.8923269415798644,-0.5020697362370312,1,-0.434944073071625,0.08602463370655056,-0.07546531948629838,-0.040274806222011794,1,0,0,0,0,1,0,0,0,1,0,0,0,0,0,2
100,-0.0027731835623884637,-1.3600815438321416,-0.8546005400068403,-1,-1,-1,0,0,2,1,1,0.31881531274134417,0,-1.4814964533260737,1.6730131348216557,2,-0.6237953318001346,-0.7052118195348657,-0.07546531948629838,-0.040274806222011794,1,0,1,1,0,0,1,0,0,0,0,0,1,0,0,2
101,-0.0027731835623884637,-0.6727219225068175,-0.6113714873114556,-2,-1,1,6,1,2,1,0,0.31881531274134417,-2,-0.437014159567461,-0.5208204506427095,2,-0.6237953318001346,-0.11546464915376359,-0.07546531948629838,-0.040274806222011794,1,1,1,1,0,1,0,0,0,0,1,0,0,0,0,1
102,0.12407428679133078,-1.3600815438321416,-0.8546005400068403,-1,-1,-1,1,0,2,1,1,0.31881531274134417,-2,-1.196637645937361,1.3355002755194458,2,-0.6237953318001346,-0.7052118195348657,-0.07546531948629838,-0.040274806222011794,1,0,0,1,0,0,0,0,0,0,0,0,1,0,0,2
103,-0.256468124269845,2.0767165627944797,2.30737714503316,0,0,-1,4,0,1,1,1,0.31881531274134417,1,-1.006731774344886,-0.6033235940276942,2,-0.6237953318001346,0.6032724639534391,-0.07546531948629838,-0.040274806222011794,0,1,1,1,0,0,1,0,0,0,0,0,1,0,0,2
104,-0.5101630649773016,-0.9476657710369472,-0.368142434616071,0,-1,-1,5,1,0,1,1,0.680278706662514,1,-0.15215535217874837,-0.5545717365729306,0,0.25751054226624276,0.2884339589543547,-0.07546531948629838,-0.040274806222011794,1,1,1,1,0,1,0,0,0,0,0,1,0,0,0,0
105,-0.0027731835623884637,-0.3290421118441553,0.3615447234700829,0,-1,1,1,0,1,1,1,0.31881531274134417,-2,-1.2915905817335986,-0.5283207364049809,2,-0.6237953318001346,5.019291915428032,-0.07546531948629838,-0.040274806222011794,1,1,1,1,0,1,0,0,0,0,0,1,0,0,0,2
106,0.12407428679133078,-0.9476657710369472,4.009980513900852,-1,-1,-1,1,0,2,0,0,0.31881531274134417,0,-0.626920031159936,-0.5733224509786089,2,-0.6237953318001346,-0.11472861524377156,-0.07546531948629838,-0.040274806222011794,1,1,1,0,0,0,0,0,0,0,0,1,0,0,0,2
107,-1.1444004167459338,-1.0164017331694797,0.11831567077469828,0,0,-1,0,0,1,1,1,0.31881531274134417,0,-0.5319670953636985,-0.5395711650483879,2,-0.6237953318001346,-0.7052118195348657,-0.07546531948629838,-0.040274806222011794,1,0,0,1,0,0,0,0,0,0,0,1,0,0,0,2
108,0.6314641682062438,-0.6727219225068175,0.11831567077469828,-2,-1,1,5,1,3,1,1,0.31881531274134417,-2,0.32260932680243926,1.5980102771989424,2,-0.8126465905286439,-0.11546464915376359,-0.07546531948629838,-0.040274806222011794,1,1,1,1,0,1,0,0,0,0,0,0,0,1,0,1
109,0.25092175714505904,0.1521096230835717,0.6047737761654676,-1,-1,-1,4,0,2,0,0,0.31881531274134417,-2,-1.2915905817335986,-0.5545717365729306,1,-0.3090432339192856,-0.29947312665176734,-0.07546531948629838,-0.040274806222011794,0,1,1,0,0,0,0,0,0,0,0,0,0,1,0,0
110,-0.0027731835623884637,-0.3290421118441553,-0.8546005400068403,-1,-2,1,1,0,1,1,0,0.31881531274134417,-2,0.9872798773761019,-0.5208204506427095,2,-0.6237953318001346,-0.31658591505908174,-0.07546531948629838,-0.040274806222011794,1,1,1,1,0,1,0,0,0,0,0,0,0,0,1,0
111,0.12407428679133078,-1.3600815438321416,-0.8546005400068403,-1,-1,-1,0,0,1,1,1,0.31881531274134417,-2,-1.1016847101411236,1.3730017043308025,0,-0.8126465905286439,-0.13276144603857595,36.64972864487304,-0.040274806222011794,1,1,1,1,0,0,0,0,0,0,0,0,0,0,0,2
112,-0.0027731835623884637,-1.3600815438321416,-0.30733517144222483,1,0,-1,0,0,0,0,0,0.31881531274134417,-2,-1.006731774344886,1.2979988467080892,2,-0.6237953318001346,-0.13276144603857595,-0.07546531948629838,-0.040274806222011794,1,1,1,1,0,1,0,0,0,0,0,0,1,0,0,2
113,-1.7786377685145662,-0.6727219225068175,-0.12491338192068635,-1,-1,-1,1,0,2,1,1,0.31881531274134417,-2,-0.437014159567461,-0.5208204506427095,2,4.22338697556494,-0.11546464915376359,-0.07546531948629838,-0.040274806222011794,1,1,1,0,0,0,0,0,0,0,0,0,0,0,0,0
114,0.25092175714505904,-1.2226096195670768,-0.368142434616071,-1,-1,-1,6,1,2,1,0,0.31881531274134417,-2,0.03775051941372667,2.085528851746579,2,-0.6237953318001346,-0.11546464915376359,-0.07546531948629838,-0.040274806222011794,1,1,1,1,0,1,0,0,0,0,1,0,0,0,0,2
115,-0.0027731835623884637,-0.5352499982417526,0.6047737761654676,-1,0,-1,4,0,1,1,1,0.31881531274134417,-2,-0.437014159567461,1.8230188500670825,2,-0.6237953318001346,-0.7052118195348657,-0.07546531948629838,-0.040274806222011794,1,0,0,1,0,0,0,0,0,0,0,0,1,0,0,2
116,-0.256468124269845,-1.2226096195670768,-1.0978295927022248,0,0,-1,4,0,2,1,0,0.31881531274134417,-2,-0.7218729669561735,1.635511706010299,2,-0.6237953318001346,-0.11546464915376359,15.991484254852319,-0.040274806222011794,1,1,1,1,0,1,0,0,0,0,0,0,1,0,0,2
117,1.646243931036052,-0.5352499982417526,-0.30733517144222483,-1,-1,1,4,1,2,1,1,0.5770034512564653,-2,-0.437014159567461,-0.550821593691795,0,-0.6237953318001346,0.06854382834424019,-0.07546531948629838,-0.040274806222011794,1,1,0,1,0,1,0,0,0,0,1,0,0,0,0,1
118,-2.159180179575742,-0.05409826331402559,-0.003298855572994037,0,-1,-1,6,0,0,1,0,0.31881531274134417,-2,-1.4814964533260737,2.010525994123866,1,-1.4421507862903418,-0.13257743756107793,31.490332108465367,-0.040274806222011794,1,1,1,1,0,0,0,0,0,0,0,0,1,0,0,2
119,-0.12962065391611674,-0.8101938467718823,-0.6113714873114556,1,0,-1,0,0,0,0,0,0.31881531274134417,-2,-0.34206122377122344,1.8230188500670825,2,-0.6237953318001346,-0.7052118195348657,-0.07546531948629838,-0.040274806222011794,1,0,0,1,0,0,0,0,0,0,0,0,0,1,0,2
120,1.5193964606823238,-0.8789298089044147,2.1857626186854677,0,0,-1,1,0,1,0,0,0.31881531274134417,-1,-1.006731774344886,-0.5770725938597445,1,-0.6237953318001346,-0.29928911817426934,-0.07546531948629838,-0.040274806222011794,1,1,1,0,1,0,0,0,0,0,0,0,0,1,0,2
121,0.12407428679133078,0.014637698818506841,0.6047737761654676,-1,-1,1,5,0,0,1,-1,0.31881531274134417,0,1.6519504279497645,-0.41956659285204656,1,-1.4421507862903418,-0.29892110121927334,-0.07546531948629838,-0.040274806222011794,1,1,1,1,1,0,0,0,0,1,0,0,0,0,0,1
122,0.6314641682062438,-1.3600815438321416,-0.12491338192068635,1,0,-1,4,-2,0,1,1,0.31881531274134417,0,-1.006731774344886,1.523007419576229,0,-1.4421507862903418,-0.7052118195348657,-0.07546531948629838,-0.040274806222011794,1,0,0,1,0,0,0,0,0,0,0,0,1,0,0,2
123,-0.0027731835623884637,-0.5352499982417526,-0.368142434616071,0,0,-1,5,1,2,1,0,0.31881531274134417,-2,-0.437014159567461,-0.5208204506427095,0,-0.8126465905286439,-0.11546464915376359,-0.07546531948629838,-0.040274806222011794,1,1,1,0,1,0,0,0,0,0,0,1,0,0,0,0
124,-0.763858005684749,-1.085137695302012,-0.6113714873114556,-1,0,-1,0,-2,2,1,0,0.31881531274134417,0,-1.196637645937361,-0.5958233082654228,2,-0.6237953318001346,-0.29947312665176734,-0.07546531948629838,-0.040274806222011794,1,1,0,1,0,0,1,0,0,0,1,0,0,0,0,1
125,-0.256468124269845,-1.2913455816996093,2.30737714503316,-2,0,-1,4,0,1,1,-1,0.31881531274134417,-2,-0.8168259027524111,-0.5170703077615739,2,-0.6237953318001346,-0.29947312665176734,-0.07546531948629838,-0.040274806222011794,1,1,1,1,1,0,0,0,0,0,0,0,1,0,0,2
126,0.6314641682062438,-0.5352499982417526,-0.30733517144222483,-1,0,-1,6,1,1,1,1,0.31881531274134417,-2,-1.5764493891223113,-0.5583218794540662,1,-0.6237953318001346,5.019291915428032,-0.07546531948629838,-0.040274806222011794,1,1,1,1,0,0,0,0,0,0,0,1,0,0,0,2
127,-1.0175529463922055,-1.0164017331694797,0.11831567077469828,-1,-1,-1,5,1,0,1,0,0.31881531274134417,0,-0.437014159567461,-0.5058198791181668,1,-1.4421507862903418,-0.29892110121927334,-0.07546531948629838,-0.040274806222011794,1,1,1,0,0,0,0,0,0,0,0,0,0,0,0,2
128,-1.0175529463922055,0.1521096230835717,-0.6113714873114556,-1,-1,-1,1,0,2,1,1,0.31881531274134417,-2,-1.7663552607147863,1.4855059907648724,2,-1.4421507862903418,-0.29892110121927334,-0.07546531948629838,-0.040274806222011794,1,0,1,1,0,0,0,0,0,0,0,1,0,0,0,1
129,0.25092175714505904,-1.0507697142357457,-0.30733517144222483,-1,-1,-1,1,0,0,1,0,0.31881531274134417,-2,-0.5319670953636985,-0.5170703077615739,2,-0.6237953318001346,-0.29928911817426934,-0.07546531948629838,-0.040274806222011794,1,1,1,1,0,0,0,0,0,0,0,0,1,0,0,2
130,-0.5101630649773016,-1.7037613544948038,-1.0978295927022248,-1,-1,-1,1,0,2,1,1,0.31881531274134417,-2,-0.437014159567461,-0.5208204506427095,2,-0.6237953318001346,-0.31640190658158374,-0.07546531948629838,-0.040274806222011794,1,1,1,1,0,0,0,0,0,0,0,0,0,0,0,0
131,-0.763858005684749,0.28958154734863656,0.3615447234700829,-1,0,-1,4,0,1,0,1,-1.4885016568645044,-2,-0.5319670953636985,-0.5770725938597445,2,-0.6237953318001346,-0.4475999510376604,-0.07546531948629838,-0.040274806222011794,1,1,0,1,0,0,0,0,0,0,0,0,1,0,0,0
132,-0.3833155946235733,-1.3600815438321416,-0.368142434616071,0,0,-1,1,0,0,1,1,0.31881531274134417,-2,-0.9117788385486486,-0.5883230225031516,2,-0.6237953318001346,-0.6316084285356642,-0.07546531948629838,-0.040274806222011794,1,1,0,1,0,0,0,1,0,0,0,0,1,0,0,2
133,-0.0027731835623884637,0.7019973201438311,-0.30733517144222483,-1,-1,1,6,1,2,1,1,0.31881531274134417,1,0.8923269415798644,-0.5658221652163375,2,-0.6237953318001346,0.06854382834424019,-0.07546531948629838,-0.040274806222011794,1,1,1,1,0,0,0,0,0,0,1,0,0,0,0,0
134,-0.12962065391611674,1.9392446385294149,1.0912318815562367,-1,-1,-1,6,-2,2,1,-1,0.008989546523198907,1,-1.5764493891223113,-0.6183241655522368,1,-0.24609281434311575,-0.29947312665176734,-0.07546531948629838,-0.040274806222011794,0,1,1,0,0,0,0,0,0,0,0,1,0,0,0,0
135,-0.0027731835623884637,-0.5352499982417526,-0.30733517144222483,-1,-1,1,6,0,2,2,-1,0.31881531274134417,-2,-0.34206122377122344,-0.5808227367408801,2,-0.6237953318001346,-0.14858617510340427,-0.07546531948629838,-0.040274806222011794,1,1,1,1,0,1,0,0,0,0,0,1,0,0,0,0
136,-0.256468124269845,-1.085137695302012,-0.30733517144222483,0,0,-1,0,-1,3,1,-1,0.31881531274134417,-2,-0.437014159567461,-0.5208204506427095,2,-0.6237953318001346,-0.13276144603857595,-0.07546531948629838,-0.040274806222011794,1,1,1,1,0,1,0,0,0,0,0,0,1,0,0,2
137,-0.256468124269845,-0.8101938467718823,-0.30733517144222483,0,1,-1,0,-2,0,0,0,0.31881531274134417,0,-0.7218729669561735,1.8605202788784392,2,-0.6237953318001346,-0.7052118195348657,-0.07546531948629838,-0.040274806222011794,1,0,0,1,0,0,1,0,0,0,0,1,0,0,0,2
138,-0.256468124269845,-0.6727219225068175,0.11831567077469828,0,0,-1,4,0,2,0,0,0.31881531274134417,-2,0.03775051941372667,-0.5395711650483879,0,-1.4421507862903418,-0.7052118195348657,-0.07546531948629838,-0.040274806222011794,1,0,0,1,0,0,0,0,0,0,0,0,0,0,0,2
139,-0.12962065391611674,-1.2226096195670768,-1.2802513822237633,-1,0,-1,1,-1,0,0,0,0.31881531274134417,-2,-1.7663552607147863,-0.5283207364049809,2,-0.6237953318001346,0.23764761916490568,-0.07546531948629838,-0.040274806222011794,1,0,1,1,0,1,0,0,0,0,0,0,1,0,0,2
140,-2.793417531344374,-1.2913455816996093,-0.003298855572994037,-1,-1,-1,1,0,2,1,1,0.31881531274134417,-2,1.367091620561052,-0.5470714508106592,2,-0.6237953318001346,-0.4475999510376604,-0.07546531948629838,-0.040274806222011794,1,0,0,1,0,0,0,0,0,0,0,0,0,0,1,0
141,-0.0027731835623884637,1.3893569414691553,-0.30733517144222483,-2,-1,1,6,1,3,1,1,0.31881531274134417,-2,0.7024210699873894,-0.6333247370767795,2,0.38341138141858216,-0.11546464915376359,-0.07546531948629838,-0.040274806222011794,1,1,1,0,0,1,0,0,0,1,0,0,0,0,0,0
142,-0.5101630649773016,-1.085137695302012,-0.12491338192068635,0,0,1,0,-1,0,1,1,0.31881531274134417,0,-0.34206122377122344,-0.5808227367408801,1,2.3348743882798457,-0.7052118195348657,-0.07546531948629838,-0.040274806222011794,1,0,1,0,0,0,1,0,0,0,0,0,1,0,0,2
143,-1.3980953574533814,0.1521096230835717,0.6047737761654676,-1,-1,-1,1,1,3,2,-1,-1.2303135183493832,-2,2.4115739143196646,2.2355345669920057,2,-0.6237953318001346,-0.4475999510376604,-0.07546531948629838,-0.040274806222011794,1,0,1,1,0,1,0,0,0,1,0,0,0,0,0,1
144,-0.0027731835623884637,0.014637698818506841,0.11831567077469828,-1,-1,-1,1,0,2,1,0,0.31881531274134417,-1,0.03775051941372667,2.1980331381806493,2,-0.6237953318001346,-0.7052118195348657,-0.07546531948629838,-0.040274806222011794,1,1,0,1,0,0,0,0,0,0,0,0,0,1,0,2
145,-0.0027731835623884637,-1.085137695302012,-0.30733517144222483,0,-1,-1,4,1,3,0,1,-1.2303135183493832,-2,-0.7218729669561735,1.8605202788784392,2,-0.6237953318001346,-0.13276144603857595,-0.07546531948629838,-0.040274806222011794,1,1,1,1,0,1,0,0,0,0,0,1,0,0,0,2
146,-0.256468124269845,-1.2226096195670768,-1.0978295927022248,1,0,-1,4,1,2,0,-1,1.093379728286708,0,-1.5764493891223113,-0.5583218794540662,2,-0.6237953318001346,-0.29873709274177535,-0.07546531948629838,-0.040274806222011794,1,1,0,1,1,0,0,0,0,0,0,1,0,0,0,0
147,0.12407428679133078,1.80177271426435,-0.30733517144222483,-1,-1,1,1,1,1,1,1,0.9384668451776352,-2,0.7024210699873894,-0.5020697362370312,2,1.2017668359087896,-0.31658591505908174,-0.07546531948629838,-0.040274806222011794,1,1,1,0,1,0,0,0,0,1,0,0,0,0,0,2
148,0.6314641682062438,-1.085137695302012,-0.368142434616071,-1,-1,-1,0,-2,2,0,0,0.31881531274134417,0,-1.4814964533260737,1.5605088483875857,2,-0.6237953318001346,-0.7052118195348657,-0.07546531948629838,-0.040274806222011794,1,0,0,1,0,0,0,0,0,0,0,0,0,0,0,2
149,0.8851591089136914,-1.2226096195670768,-0.9762150663545325,-1,0,-1,1,0,1,1,1,0.31881531274134417,-2,-1.5764493891223113,1.5980102771989424,2,-0.6237953318001346,-0.7052118195348657,-0.07546531948629838,-0.040274806222011794,1,0,0,1,0,0,0,0,1,0,0,0,1,0,0,2
150,1.3925489903285955,-0.5352499982417526,-0.30733517144222483,-2,-1,1,5,1,1,0,1,-0.19756096428889824,-2,2.4115739143196646,-0.5208204506427095,2,0.6352130597232614,-0.29910510969677134,-0.07546531948629838,-0.040274806222011794,1,1,1,0,1,0,0,0,0,1,0,0,0,0,0,0
151,-0.0027731835623884637,0.7019973201438311,-0.30733517144222483,-1,-1,1,1,1,3,1,0,-1.2303135183493832,-2,1.746903363746002,1.5980102771989424,2,-0.8126465905286439,-0.29873709274177535,-0.07546531948629838,-0.040274806222011794,1,1,1,1,0,0,0,0,0,0,1,0,0,0,0,2
152,0.5046166978525156,-1.085137695302012,-0.6113714873114556,-1,0,-1,0,0,1,1,0,0.31881531274134417,-1,0.03775051941372667,-0.5283207364049809,0,-0.6237953318001346,-0.13276144603857595,-0.07546531948629838,-0.040274806222011794,1,0,0,0,0,0,0,0,1,0,0,0,1,0,0,2
153,0.7583116385599631,-1.085137695302012,0.6047737761654676,0,0,-1,4,0,3,1,1,0.31881531274134417,-2,-0.8168259027524111,1.635511706010299,2,-0.6237953318001346,0.05363914166690189,-0.07546531948629838,-0.040274806222011794,1,1,0,1,0,1,0,0,0,0,0,1,0,0,0,2
154,-0.256468124269845,-1.085137695302012,-0.6113714873114556,-1,-1,-1,0,1,1,1,1,0.31881531274134417,-2,-0.057202416382510855,-0.4908193075936242,0,-0.6237953318001346,-0.6316084285356642,-0.07546531948629838,-0.040274806222011794,1,0,0,0,0,0,0,0,1,0,1,0,0,0,0,2
155,0.5046166978525156,-0.9476657710369472,-0.6113714873114556,0,0,-1,4,0,1,0,0,0.31881531274134417,0,-1.2915905817335986,-0.5545717365729306,0,1.07586599675645,-0.7052118195348657,-0.07546531948629838,-0.040274806222011794,1,0,0,0,0,0,0,1,0,0,0,0,1,0,0,2
156,-0.5101630649773016,-0.6727219225068175,-0.368142434616071,0,-1,1,1,1,3,1,1,-1.2303135183493832,-2,0.22765639100620172,2.010525994123866,2,-0.6237953318001346,-0.29947312665176734,-0.07546531948629838,-0.040274806222011794,1,1,1,1,0,1,0,0,0,0,0,1,0,0,0,1
157,-0.256468124269845,-1.2913455816996093,0.6047737761654676,-1,0,-1,4,0,0,1,1,0.31881531274134417,-2,-0.437014159567461,-0.5208204506427095,2,-0.6237953318001346,-0.13276144603857595,-0.07546531948629838,-0.040274806222011794,1,0,0,1,0,0,0,0,0,0,0,0,1,0,0,2
158,-0.0027731835623884637,-0.5352499982417526,-1.0978295927022248,0,0,-1,1,-2,1,2,0,0.31881531274134417,0,-0.5319670953636985,-0.5208204506427095,1,-0.6237953318001346,-0.7052118195348657,-0.07546531948629838,-0.040274806222011794,1,0,0,0,0,0,0,1,0,0,0,0,0,1,0,2
159,-0.0027731835623884637,-0.5352499982417526,-0.30733517144222483,-1,-1,-1,5,0,2,0,0,0.31881531274134417,-2,-1.3865435175298362,1.3730017043308025,1,-1.4421507862903418,0.06854382834424019,-0.07546531948629838,-0.040274806222011794,1,1,1,1,0,1,0,0,0,0,0,0,0,0,0,2
160,0.12407428679133078,-1.2913455816996093,-0.368142434616071,-1,-1,-1,1,0,2,1,1,0.31881531274134417,-2,-0.9117788385486486,-0.4833190218313529,2,-0.6237953318001346,0.6036404809084351,-0.07546531948629838,-0.040274806222011794,1,1,1,1,0,0,0,0,0,0,0,0,0,0,0,0
161,1.646243931036052,-0.6727219225068175,-1.2194441190499172,-1,-1,1,4,0,1,1,0,0.31881531274134417,-1,-1.1016847101411236,1.2979988467080892,0,-0.6237953318001346,-0.7052118195348657,-0.07546531948629838,-0.040274806222011794,1,0,0,1,0,0,0,0,0,0,0,0,0,0,0,2
162,-0.256468124269845,-0.46651403610922015,-0.6113714873114556,0,-1,-1,6,0,0,0,0,0.31881531274134417,-1,-0.34206122377122344,0.9229845585945222,2,-0.8126465905286439,0.4372968172502398,-0.07546531948629838,-0.040274806222011794,1,1,1,1,0,0,0,0,0,0,0,1,0,0,0,1
163,0.6314641682062438,-0.12283422544655802,-0.30733517144222483,0,0,1,4,0,1,1,-1,0.31881531274134417,-2,0.03775051941372667,-0.5020697362370312,2,-0.6237953318001346,-0.29892110121927334,-0.07546531948629838,-0.040274806222011794,1,1,1,0,1,0,0,0,0,0,0,0,0,0,1,2
164,1.5193964606823238,1.3893569414691553,1.0912318815562367,-1,-1,-1,1,0,2,0,1,0.31881531274134417,-2,0.6074681341911519,1.5980102771989424,0,-0.8126465905286439,-0.4475999510376604,-0.07546531948629838,-0.040274806222011794,1,0,1,1,0,0,0,0,0,0,0,0,0,0,1,1
165,0.12407428679133078,-1.3600815438321416,-0.732986013659148,0,0,-1,4,-2,0,1,1,0.31881531274134417,1,-0.626920031159936,-0.5808227367408801,0,-0.6237953318001346,-0.7052118195348657,-0.07546531948629838,-0.040274806222011794,1,0,1,0,0,0,1,0,0,0,0,0,1,0,0,2
166,-0.0027731835623884637,-1.2226096195670768,-0.368142434616071,0,0,-1,4,0,0,1,0,0.31881531274134417,-2,-0.437014159567461,-0.5658221652163375,2,-0.6237953318001346,-0.13276144603857595,-0.07546531948629838,-0.040274806222011794,1,0,0,1,0,0,1,0,0,0,0,0,1,0,0,2
167,0.25092175714505904,0.839469244408896,0.6047737761654676,0,0,-1,1,1,1,1,1,1.093379728286708,-2,0.5125151983949143,-0.4833190218313529,2,-0.6237953318001346,-0.3143778133291057,-0.07546531948629838,-0.040274806222011794,1,1,1,1,1,0,0,0,0,0,0,1,0,0,0,2
168,-0.0027731835623884637,-0.5008820171754864,-0.368142434616071,-1,-1,1,6,0,3,2,0,0.31881531274134417,-2,-0.437014159567461,-0.5208204506427095,2,-0.6237953318001346,-0.11546464915376359,-0.07546531948629838,-0.040274806222011794,1,1,1,1,0,1,0,0,0,0,0,0,0,0,0,1
169,-0.8907054760384773,-1.2226096195670768,-0.6113714873114556,0,0,-1,1,-2,0,1,1,0.31881531274134417,0,-1.3865435175298362,-0.5320708792861165,2,-0.6237953318001346,-0.7052118195348657,-0.07546531948629838,-0.040274806222011794,1,0,0,1,0,0,0,0,0,0,0,1,0,0,0,2
170,1.0120065792674195,0.22084558521610412,-0.8546005400068403,-1,-1,-1,4,0,2,1,-1,0.31881531274134417,-2,1.746903363746002,-0.5845728796220159,2,1.705370192518148,0.2884339589543547,-0.07546531948629838,-0.040274806222011794,1,1,0,0,0,0,0,0,0,0,0,0,0,0,1,0
171,0.37776922749878733,1.6986687710655513,1.0912318815562367,-1,-1,-1,1,1,2,0,1,-1.2303135183493832,-2,0.7024210699873894,1.6730131348216557,2,-0.8126465905286439,-0.29928911817426934,-0.07546531948629838,-0.040274806222011794,1,1,1,1,0,0,0,0,0,0,0,1,0,0,0,2
172,-0.0027731835623884637,0.839469244408896,-0.30733517144222483,-1,-1,1,1,1,2,1,1,0.31881531274134417,-2,1.8418562995422396,-0.4795688789502172,1,0.06865928353773322,-0.29910510969677134,-0.07546531948629838,-0.040274806222011794,1,1,1,0,1,0,0,0,0,0,0,0,0,0,1,0
173,-0.0027731835623884637,-0.5352499982417526,-0.30733517144222483,-1,-2,-1,5,0,3,1,1,0.31881531274134417,-2,-0.437014159567461,-0.5208204506427095,2,-0.6237953318001346,-0.07958299604165285,-0.07546531948629838,-0.040274806222011794,1,1,0,0,0,0,0,0,0,1,0,0,0,0,0,0
174,-0.0027731835623884637,-0.5352499982417526,-0.30733517144222483,-1,-1,-1,1,0,2,1,1,0.31881531274134417,-2,-0.437014159567461,-0.5208204506427095,2,-0.6237953318001346,-0.29892110121927334,-0.07546531948629838,-0.040274806222011794,1,1,1,1,0,0,0,0,0,0,0,0,0,0,0,2
175,-0.0027731835623884637,-0.6727219225068175,-0.003298855572994037,0,0,-1,4,0,0,1,0,0.31881531274134417,-1,-0.15215535217874837,1.6730131348216557,2,-0.6237953318001346,0.4194479949329334,-0.07546531948629838,-0.040274806222011794,1,1,1,1,0,0,0,0,1,0,0,1,0,0,0,2
176,-0.0027731835623884637,-0.39777807397668774,-0.9762150663545325,-1,-1,-1,5,0,2,1,0,-0.04264808117982561,-2,-0.437014159567461,-0.5208204506427095,1,-0.3090432339192856,0.06854382834424019,-0.07546531948629838,-0.040274806222011794,1,1,1,0,0,0,0,0,0,0,1,0,0,0,0,0
177,-0.0027731835623884637,-0.6727219225068175,-0.003298855572994037,-1,-1,1,6,1,3,0,0,0.31881531274134417,-2,-0.437014159567461,1.8230188500670825,2,-0.8126465905286439,0.4192639864554354,15.991484254852319,-0.040274806222011794,1,1,1,1,0,0,0,0,0,0,1,0,0,0,0,2
178,0.37776922749878733,0.7019973201438311,-0.30733517144222483,-1,-1,1,5,0,3,1,0,0.31881531274134417,-2,-0.437014159567461,-0.5208204506427095,2,-0.6237953318001346,-0.5007784010345835,-0.07546531948629838,-0.040274806222011794,1,0,0,0,0,1,0,0,0,0,0,0,0,0,1,1
179,0.25092175714505904,0.1521096230835717,-0.003298855572994037,-1,0,1,5,0,2,1,1,1.093379728286708,-2,-0.2471082879749859,-0.5208204506427095,2,-0.6237953318001346,-0.281992321289457,-0.07546531948629838,-0.040274806222011794,1,1,1,1,1,0,0,0,0,0,0,0,0,0,1,0
180,-0.5101630649773016,-1.085137695302012,-0.9762150663545325,-1,-1,-1,4,0,1,0,1,0.4737281958504168,0,-1.3865435175298362,-0.5208204506427095,2,-0.6237953318001346,-0.13276144603857595,-0.07546531948629838,-0.040274806222011794,1,0,0,0,0,0,0,0,0,0,0,0,1,0,0,2
181,-0.256468124269845,-0.5352499982417526,-0.368142434616071,-1,-1,1,6,0,3,0,0,0.31881531274134417,-2,1.746903363746002,-0.5095700219993025,2,-0.6237953318001346,-0.29947312665176734,-0.07546531948629838,-0.040274806222011794,1,1,1,1,0,0,0,0,0,1,0,0,0,0,0,0
182,-0.5101630649773016,-0.8101938467718823,-0.8546005400068403,0,0,-1,1,-2,0,1,0,0.31881531274134417,0,-0.5319670953636985,1.7480159924443692,0,-1.4421507862903418,-0.7052118195348657,-0.07546531948629838,-0.040274806222011794,1,0,0,1,0,0,0,0,0,0,0,0,0,1,0,2
183,-0.0027731835623884637,-0.39777807397668774,0.11831567077469828,1,1,-1,0,-2,0,2,0,0.31881531274134417,0,-0.626920031159936,1.635511706010299,2,-0.6237953318001346,-0.7052118195348657,-0.07546531948629838,-0.040274806222011794,1,0,0,1,0,0,1,0,0,0,0,0,0,1,0,2
184,0.37776922749878733,1.3893569414691553,1.8209190396423907,-2,-1,1,1,0,2,1,1,0.31881531274134417,-2,0.4175622625986768,-0.5208204506427095,2,-0.6237953318001346,0.2884339589543547,-0.07546531948629838,-0.040274806222011794,1,1,1,1,0,0,0,0,0,1,0,0,0,0,0,2
185,1.3925489903285955,-0.5352499982417526,3.645136934857775,1,-1,-1,1,0,0,0,-1,0.31881531274134417,-2,-1.006731774344886,-0.550821593691795,2,-0.6237953318001346,3.179207140447994,-0.07546531948629838,-0.040274806222011794,1,1,1,1,0,0,0,0,0,0,0,0,1,0,0,2
186,0.25092175714505904,0.014637698818506841,-0.003298855572994037,-2,-1,-1,4,0,2,2,1,0.31881531274134417,-2,-1.6714023249185488,-0.5733224509786089,2,0.6352130597232614,0.6213052947482436,-0.07546531948629838,-0.040274806222011794,1,1,1,0,0,1,0,0,0,0,0,0,1,0,0,2
187,0.37776922749878733,-0.6727219225068175,-0.30733517144222483,0,0,-1,1,-2,0,1,1,0.31881531274134417,-2,-1.5764493891223113,1.185494560274019,0,-0.6237953318001346,0.05124703145942784,-0.07546531948629838,-0.040274806222011794,1,1,1,1,0,0,0,0,0,0,0,0,0,0,0,2
188,0.12407428679133078,-0.6727219225068175,-0.8546005400068403,-1,0,-1,1,-2,0,1,-1,-0.7139372413191407,0,-1.8613081965110239,-0.5770725938597445,0,-0.1831423947669459,5.019291915428032,-0.07546531948629838,-0.040274806222011794,1,1,1,1,1,0,0,0,0,0,0,0,1,0,0,2
189,-1.3980953574533814,-1.3600815438321416,-1.3410586453976094,-1,0,-1,4,0,0,0,0,0.31881531274134417,-1,-2.5259787470846864,-0.550821593691795,2,-0.6237953318001346,-0.12871325953361987,-0.07546531948629838,-0.040274806222011794,1,1,1,0,0,0,0,1,0,0,1,0,0,0,0,2
190,-0.0027731835623884637,0.7019973201438311,0.8480028288608521,1,0,-1,5,-2,0,1,1,0.31881531274134417,0,-1.196637645937361,-0.6258244513145083,2,-0.6237953318001346,0.6032724639534391,-0.07546531948629838,-0.040274806222011794,0,0,0,1,0,0,0,0,0,0,0,0,1,0,0,2
191,-0.0027731835623884637,-1.085137695302012,-0.732986013659148,0,0,-1,4,0,2,0,-1,0.31881531274134417,-2,-0.15215535217874837,1.9730245653125091,0,-0.8126465905286439,0.23525550895743164,-0.07546531948629838,-0.040274806222011794,1,1,1,1,0,0,0,0,0,0,0,0,1,0,0,2
192,-0.0027731835623884637,-0.6727219225068175,1.0912318815562367,-1,-1,1,5,0,3,1,1,0.31881531274134417,-2,0.7973740057836268,-0.5170703077615739,2,-0.6237953318001346,-0.11546464915376359,-0.07546531948629838,-0.040274806222011794,1,1,1,1,0,0,0,0,0,0,1,0,0,0,0,0
193,-0.3833155946235733,0.28958154734863656,-0.368142434616071,0,0,-1,1,-1,0,1,1,0.31881531274134417,-2,-1.196637645937361,1.2979988467080892,2,-0.6237953318001346,-0.7052118195348657,-0.07546531948629838,-0.040274806222011794,1,0,0,1,0,0,1,0,0,0,0,0,0,1,0,2
194,-0.256468124269845,-1.2226096195670768,-1.0978295927022248,-1,0,-1,1,-2,1,1,1,0.31881531274134417,0,-0.7218729669561735,1.5980102771989424,2,-0.6237953318001346,-0.7052118195348657,-0.07546531948629838,-0.040274806222011794,1,0,0,1,0,0,0,0,0,0,0,0,1,0,0,2
195,0.37776922749878733,-0.6727219225068175,-0.6113714873114556,0,0,1,1,-1,0,1,0,0.31881531274134417,1,1.2721386847648146,-0.5208204506427095,1,-0.6237953318001346,-0.6500092762854646,-0.07546531948629838,-0.040274806222011794,1,0,0,0,0,0,0,1,0,0,0,0,0,0,1,1
196,0.37776922749878733,0.5645253958787663,0.3615447234700829,-1,-1,1,1,1,1,0,-1,0.31881531274134417,-2,1.9368092353384772,-0.4833190218313529,2,-0.6237953318001346,-0.4475999510376604,-0.07546531948629838,-0.040274806222011794,1,1,0,0,0,1,0,0,0,0,0,0,0,0,0,0
197,0.12407428679133078,-0.6727219225068175,-0.6113714873114556,0,0,1,0,0,0,1,1,0.31881531274134417,-1,-1.4814964533260737,1.6730131348216557,2,-0.6237953318001346,-0.7052118195348657,-0.07546531948629838,-0.040274806222011794,1,0,0,1,0,0,0,0,0,0,0,0,1,0,0,2
198,0.37776922749878733,-0.6727219225068175,0.6047737761654676,-1,0,-1,1,-2,1,1,1,0.31881531274134417,-1,-0.057202416382510855,1.4105031331421591,2,-0.6237953318001346,-0.7052118195348657,-0.07546531948629838,-0.040274806222011794,1,0,0,1,0,0,0,0,1,0,0,0,0,1,0,2
199,-1.1444004167459338,-1.085137695302012,-1.0978295927022248,0,-1,-1,4,-2,2,1,0,0.31881531274134417,-1,-0.9117788385486486,-0.5545717365729306,1,-0.6237953318001346,-0.11546464915376359,-0.07546531948629838,-0.040274806222011794,1,1,1,0,0,0,0,1,0,0,0,1,0,0,0,2
200,0.37776922749878733,0.22084558521610412,-0.30733517144222483,0,0,-1,5,1,2,1,0,0.31881531274134417,-1,-0.437014159567461,-0.5245705935238452,0,0.06865928353773322,-0.11472861524377156,-0.07546531948629838,-0.040274806222011794,1,1,1,0,0,1,0,0,0,0,0,1,0,0,0,0
201,-0.8907054760384773,-1.085137695302012,0.6047737761654676,-1,-1,-1,1,0,2,0,0,0.31881531274134417,-2,-0.8168259027524111,1.2604974178967325,2,-0.8126465905286439,-0.29892110121927334,-0.07546531948629838,-0.040274806222011794,1,1,1,1,0,1,0,0,0,0,0,0,0,0,0,1
202,-1.271247887099653,-1.4975534680972067,-1.2802513822237633,0,0,-1,1,0,0,1,0,0.31881531274134417,-2,-1.3865435175298362,-0.5883230225031516,2,-0.6237953318001346,5.019291915428032,-0.07546531948629838,-0.040274806222011794,1,0,0,1,0,0,1,0,0,0,0,0,1,0,0,2
203,1.2657015199748762,-0.5352499982417526,-0.42894969778991715,-1,0,-1,5,1,1,1,1,0.31881531274134417,-2,-1.2915905817335986,-0.5545717365729306,0,-0.1831423947669459,-0.13202541212858393,-0.07546531948629838,-0.040274806222011794,1,1,1,0,0,0,0,0,0,0,0,1,0,0,0,2
204,0.37776922749878733,0.7019973201438311,-0.30733517144222483,-1,-1,1,5,0,3,1,0,0.31881531274134417,-2,-0.437014159567461,-0.5208204506427095,2,-0.6237953318001346,0.05363914166690189,-0.07546531948629838,-0.040274806222011794,1,0,0,1,0,1,0,0,0,0,0,0,0,0,1,1
205,0.37776922749878733,0.5645253958787663,-0.003298855572994037,1,-1,1,5,1,2,1,0,0.31881531274134417,-1,0.03775051941372667,1.635511706010299,2,-0.6237953318001346,0.4192639864554354,15.996648815949824,-0.040274806222011794,1,1,1,1,0,1,0,0,0,0,1,0,0,0,0,2
206,-0.0027731835623884637,-0.5352499982417526,-0.30733517144222483,-1,-1,-1,1,0,2,1,1,0.31881531274134417,-2,-0.437014159567461,-0.47581873606908154,2,-0.6237953318001346,-0.29892110121927334,-0.07546531948629838,-0.040274806222011794,1,1,1,1,0,0,0,0,0,0,0,0,0,0,0,0
207,-0.5101630649773016,0.28958154734863656,3.0370643031193136,-1,-1,1,1,0,2,1,1,0.31881531274134417,-2,1.367091620561052,2.5355459974828594,2,-0.6237953318001346,-0.11546464915376359,-0.07546531948629838,-0.040274806222011794,1,1,1,1,0,1,0,0,0,0,0,0,0,0,1,1
208,-0.8907054760384773,-1.2226096195670768,-1.2194441190499172,-1,0,-1,4,-2,1,1,1,0.31881531274134417,-1,-0.626920031159936,1.1104917026513057,0,-1.4421507862903418,-0.7052118195348657,-0.07546531948629838,-0.040274806222011794,1,0,0,1,0,0,0,1,0,0,0,0,1,0,0,2
209,-0.3833155946235733,-0.39777807397668774,-0.6113714873114556,-1,0,-1,1,1,1,1,1,0.31881531274134417,0,-0.437014159567461,-0.6520754514824579,2,-0.3090432339192856,0.2884339589543547,-0.07546531948629838,-0.040274806222011794,1,1,1,0,0,1,0,0,0,0,0,0,0,1,0,0
210,-0.256468124269845,0.22084558521610412,-0.368142434616071,-2,-1,-1,1,1,3,0,0,0.31881531274134417,-2,-0.437014159567461,-0.5958233082654228,0,4.28633739514111,-0.13276144603857595,-0.07546531948629838,-0.040274806222011794,1,1,1,0,0,1,0,0,0,0,1,0,0,0,0,0
211,0.8851591089136914,1.3893569414691553,-0.003298855572994037,0,-1,1,4,0,2,2,0,-0.7139372413191407,-2,-0.2471082879749859,-0.5658221652163375,0,-0.6237953318001346,-0.3143778133291057,-0.07546531948629838,-0.040274806222011794,0,0,1,1,0,0,0,0,0,0,0,0,0,1,0,2
212,-0.763858005684749,-1.1882416385008108,-1.0978295927022248,-1,0,-1,1,-1,1,1,0,0.31881531274134417,0,-1.006731774344886,-0.5395711650483879,1,-1.1273986884094929,-0.31658591505908174,-0.07546531948629838,-0.040274806222011794,1,1,1,0,1,0,0,0,0,0,0,1,0,0,0,2
213,0.5046166978525156,-0.8101938467718823,0.11831567077469828,1,0,-1,0,-2,0,1,1,0.31881531274134417,1,-0.9117788385486486,-0.5395711650483879,1,-0.749696170952474,-0.7052118195348657,-0.07546531948629838,-0.040274806222011794,1,0,0,0,0,0,0,0,0,0,0,0,1,0,0,2
214,-0.5101630649773016,-1.3600815438321416,-1.0978295927022248,0,0,-1,0,-1,0,1,0,0.31881531274134417,0,-1.1016847101411236,-0.5395711650483879,2,-0.6237953318001346,-0.13276144603857595,-0.07546531948629838,-0.040274806222011794,1,1,1,1,0,0,0,0,1,0,0,0,1,0,0,2
215,-0.0027731835623884637,-0.5352499982417526,-0.30733517144222483,-1,-1,-1,1,0,2,1,1,0.31881531274134417,-2,-0.437014159567461,-0.5208204506427095,2,-0.6237953318001346,-0.7052118195348657,-0.07546531948629838,-0.040274806222011794,1,0,0,1,0,0,0,0,0,0,0,0,0,0,0,2
216,-0.256468124269845,-0.12283422544655802,-0.732986013659148,-1,-1,1,1,0,2,1,1,0.31881531274134417,-2,2.031762171134715,-0.3895654498029612,2,-0.6237953318001346,-0.29873709274177535,-0.07546531948629838,-0.040274806222011794,1,1,1,0,0,0,0,0,0,0,0,0,0,0,0,2
217,-0.12962065391611674,-1.3600815438321416,0.3615447234700829,0,1,-1,1,-1,2,1,1,0.31881531274134417,-2,-0.437014159567461,-0.5208204506427095,2,-0.6237953318001346,-0.13257743756107793,-0.07546531948629838,-0.040274806222011794,1,1,1,1,0,0,0,0,0,0,0,0,0,1,0,1
218,-0.0027731835623884637,-0.9476657710369472,-0.12491338192068635,-1,-1,-1,4,1,2,1,0,0.31881531274134417,-2,-1.196637645937361,-0.49831959335589554,2,-0.6237953318001346,-0.31676992353657973,-0.07546531948629838,-0.040274806222011794,1,1,1,1,1,0,0,0,0,0,1,0,0,0,0,2
219,1.2657015199748762,0.28958154734863656,1.6993045132946982,-2,-2,1,6,1,2,1,1,0.31881531274134417,-2,-0.437014159567461,-0.5208204506427095,1,-0.8126465905286439,-0.11546464915376359,-0.07546531948629838,-0.040274806222011794,1,0,1,1,0,0,0,0,0,0,0,0,0,0,0,1
220,0.37776922749878733,0.42705347161370144,0.6047737761654676,-2,-1,-1,1,1,2,1,1,0.31881531274134417,-2,-0.34206122377122344,1.7105145636330126,1,-0.8126465905286439,-0.29892110121927334,-0.07546531948629838,-0.040274806222011794,1,1,1,1,0,0,0,0,0,0,0,0,0,0,0,2
221,-0.0027731835623884637,1.1144130929390257,-1.0370223295283787,-2,-2,-1,1,0,0,1,0,0.06062717422622297,-2,0.9872798773761019,-0.5658221652163375,2,-0.6237953318001346,-0.29947312665176734,-0.07546531948629838,-0.040274806222011794,1,1,1,0,1,0,0,0,0,0,1,0,0,0,0,2
222,-0.6370105353310208,-0.46651403610922015,-1.0978295927022248,0,0,-1,4,0,1,1,1,0.31881531274134417,-2,-1.7188787928166676,-0.5695723080974733,1,-1.064448268833323,-0.29892110121927334,-0.07546531948629838,-0.040274806222011794,1,1,1,0,1,0,0,0,0,0,0,1,0,0,0,2
223,0.7583116385599631,-1.0164017331694797,-0.9762150663545325,0,0,-1,4,-2,0,0,0,0.31881531274134417,-1,-1.1016847101411236,1.3730017043308025,2,-0.6237953318001346,-0.13276144603857595,-0.07546531948629838,-0.040274806222011794,1,1,1,1,0,1,0,0,0,0,0,0,1,0,0,2
224,0.25092175714505904,-0.8789298089044147,-0.368142434616071,0,0,-1,0,0,0,1,0,0.31881531274134417,-1,-0.057202416382510855,-0.5320708792861165,0,2.964378584041544,-0.13276144603857595,-0.07546531948629838,-0.040274806222011794,1,0,0,0,0,0,0,0,1,0,0,0,1,0,0,2
225,1.2657015199748762,1.3893569414691553,-0.6113714873114556,-2,-1,1,1,0,2,0,1,0.31881531274134417,-2,0.9872798773761019,-0.47206859318794586,2,-0.6237953318001346,-0.29947312665176734,-0.07546531948629838,-0.040274806222011794,1,1,1,1,1,0,0,0,0,0,0,0,0,0,1,0
226,-0.0027731835623884637,-0.5352499982417526,-0.30733517144222483,-1,-1,-1,1,0,2,1,1,0.31881531274134417,-2,-0.437014159567461,-0.5583218794540662,1,-0.6237953318001346,0.9508644779471683,-0.07546531948629838,-0.040274806222011794,0,1,1,0,0,0,0,0,0,0,0,0,0,0,0,2
227,-1.1444004167459338,0.35831750948116897,0.6047737761654676,-1,-1,1,6,1,2,1,-1,0.31881531274134417,0,1.4620445563572895,1.072990273839949,2,-0.8126465905286439,-0.11546464915376359,-0.07546531948629838,-0.040274806222011794,1,1,1,1,0,1,0,0,0,1,0,0,0,0,0,1
228,0.37776922749878733,1.3893569414691553,2.428991671380852,-1,-1,-1,1,-2,2,1,1,0.31881531274134417,0,-1.3865435175298362,1.2229959890853757,0,-1.4421507862903418,0.06854382834424019,15.991484254852319,24.829418035870273,0,1,1,1,0,0,0,0,0,0,0,0,0,0,0,2
229,0.37776922749878733,0.839469244408896,0.6047737761654676,-1,-1,-1,5,0,3,1,1,0.31881531274134417,-2,-0.437014159567461,-0.5208204506427095,2,-0.6237953318001346,-0.3143778133291057,-0.07546531948629838,-0.040274806222011794,1,1,1,1,0,0,0,0,0,0,0,0,0,0,0,2
230,1.646243931036052,0.42705347161370144,-0.12491338192068635,-1,-1,-1,6,1,0,1,1,0.31881531274134417,-2,2.1267151069309524,-0.5620720223352018,2,0.19456012269007292,-0.09798384379145322,-0.07546531948629838,-0.040274806222011794,1,0,0,1,0,0,0,0,0,1,0,0,0,0,0,0
231,0.37776922749878733,-1.7037613544948038,-0.732986013659148,-1,-1,-1,1,0,2,1,1,0.31881531274134417,-2,-0.9117788385486486,-0.5133201648804382,2,-0.6237953318001346,-0.31640190658158374,-0.07546531948629838,-0.040274806222011794,1,1,1,1,0,0,0,0,0,0,0,0,0,0,0,2
232,0.12407428679133078,-0.26030614971162286,-0.003298855572994037,-2,-1,1,4,0,2,1,0,0.31881531274134417,-1,-0.626920031159936,-0.5395711650483879,1,0.38341138141858216,-0.13239342908357993,-0.07546531948629838,-0.040274806222011794,1,1,1,0,0,1,0,0,0,0,0,1,0,0,0,2
233,-0.8907054760384773,-1.085137695302012,-0.003298855572994037,-2,0,-1,1,-1,0,0,0,0.31881531274134417,0,-0.15215535217874837,-0.4795688789502172,2,-0.6237953318001346,-0.6316084285356642,-0.07546531948629838,-0.040274806222011794,1,0,0,1,0,0,1,0,0,0,0,1,0,0,0,2
234,-0.12962065391611674,-0.9476657710369472,-0.368142434616071,0,0,-1,5,0,0,1,1,1.3515678668018292,0,0.4175622625986768,-0.5208204506427095,1,-0.434944073071625,-0.29928911817426934,-0.07546531948629838,-0.040274806222011794,1,1,1,0,0,0,0,0,0,0,0,0,0,0,1,0
235,-0.0027731835623884637,-1.2913455816996093,-0.24652790826837867,0,0,-1,4,-2,1,1,1,0.31881531274134417,0,-1.2915905817335986,-0.5433213079295235,2,-0.6237953318001346,-0.13276144603857595,-0.07546531948629838,-0.040274806222011794,1,0,0,1,0,0,0,0,0,0,0,0,1,0,0,2
236,-0.3833155946235733,-0.8789298089044147,0.7263883025131599,1,0,-1,4,-2,0,1,0,0.31881531274134417,-2,-0.2471082879749859,1.2229959890853757,2,-1.4421507862903418,-0.7052118195348657,-0.07546531948629838,-0.040274806222011794,1,0,0,1,0,0,0,0,1,0,0,0,0,0,1,2
237,-2.666570060990646,0.28958154734863656,-0.30733517144222483,-1,-1,-1,4,0,1,1,1,0.31881531274134417,-2,-0.437014159567461,-0.5395711650483879,2,0.9499651576041103,-0.29873709274177535,-0.07546531948629838,-0.040274806222011794,1,1,0,0,1,0,0,0,0,0,0,1,0,0,0,1
238,-0.12962065391611674,-0.3290421118441553,-0.4897569609637633,-1,0,-1,6,0,2,1,1,0.31881531274134417,-2,-1.2915905817335986,1.635511706010299,2,-0.6237953318001346,-0.11546464915376359,-0.07546531948629838,-0.040274806222011794,1,1,1,1,0,1,0,0,0,0,0,0,0,0,0,1
239,-0.256468124269845,0.35831750948116897,-0.003298855572994037,-2,-1,1,6,1,3,1,1,0.31881531274134417,-2,0.5125151983949143,-0.5733224509786089,2,-0.6237953318001346,-0.11546464915376359,-0.07546531948629838,-0.040274806222011794,1,1,1,1,0,1,0,0,0,0,1,0,0,0,0,0
240,-0.0027731835623884637,-0.9476657710369472,-0.8546005400068403,0,0,-1,0,-1,0,0,0,0.31881531274134417,0,-0.626920031159936,-0.49831959335589554,2,-0.6237953318001346,-0.7052118195348657,-0.07546531948629838,-0.040274806222011794,1,0,1,0,0,0,0,0,0,0,0,0,0,1,0,2
241,-0.0027731835623884637,-1.4975534680972067,0.11831567077469828,0,0,-1,6,0,2,1,1,-0.19756096428889824,-2,-0.8168259027524111,-0.5808227367408801,2,-0.6237953318001346,-0.29947312665176734,-0.07546531948629838,-0.040274806222011794,1,1,1,1,1,0,0,0,0,0,1,0,0,0,0,0
242,0.25092175714505904,0.42705347161370144,-0.6113714873114556,0,-1,1,1,0,2,1,1,0.31881531274134417,0,-0.437014159567461,-0.5208204506427095,2,-0.6237953318001346,-0.29892110121927334,-0.07546531948629838,-0.040274806222011794,1,1,1,0,0,0,0,0,0,0,0,0,0,0,0,2
243,-0.0027731835623884637,1.5268288657342204,3.523522408510083,0,-1,-1,1,0,3,1,1,0.31881531274134417,-2,-0.2471082879749859,-0.5020697362370312,0,-0.6237953318001346,1.0244678689463698,-0.07546531948629838,-0.040274806222011794,0,1,1,0,0,0,0,0,0,0,0,0,0,1,0,2
244,-0.0027731835623884637,0.5645253958787663,-0.30733517144222483,-1,-1,1,6,1,3,1,0,0.31881531274134417,-2,0.9872798773761019,-0.5208204506427095,2,-0.6237953318001346,6.8593766904080695,-0.07546531948629838,-0.040274806222011794,1,1,0,1,0,1,0,0,0,0,0,1,0,0,0,0
245,-0.763858005684749,-0.39777807397668774,0.11831567077469828,-1,-1,-1,5,-1,3,1,-1,1.093379728286708,0,-0.2471082879749859,-0.5320708792861165,0,-0.6237953318001346,-0.11472861524377156,-0.07546531948629838,-0.040274806222011794,1,1,1,1,0,1,0,0,0,0,0,1,0,0,0,2
246,-0.12962065391611674,0.28958154734863656,-0.368142434616071,-1,-1,-1,6,1,2,1,0,0.31881531274134417,-1,-0.8168259027524111,-0.629574594195644,2,-0.6237953318001346,-0.29873709274177535,-0.07546531948629838,-0.040274806222011794,1,1,1,1,1,0,0,0,0,0,1,0,0,0,0,0
247,-0.256468124269845,0.9769411686739609,1.8209190396423907,1,-1,-1,5,0,2,1,1,0.31881531274134417,-1,-0.437014159567461,-0.5208204506427095,2,-0.6237953318001346,-0.29947312665176734,-0.07546531948629838,-0.040274806222011794,1,1,1,1,1,0,0,0,0,0,1,0,0,0,0,2
248,-0.0027731835623884637,-1.085137695302012,-0.30733517144222483,1,-1,1,4,0,0,1,0,0.31881531274134417,-2,-1.4814964533260737,-0.5545717365729306,2,-0.6237953318001346,-0.13276144603857595,-0.07546531948629838,-0.040274806222011794,1,0,0,1,0,0,0,0,1,0,0,0,1,0,0,2
249,1.3925489903285955,0.7019973201438311,1.2736536710777753,-2,-2,-1,1,1,0,0,1,-1.2303135183493832,-2,1.556997492153527,-0.31456259218024785,2,-0.8126465905286439,-0.31640190658158374,-0.07546531948629838,-0.040274806222011794,1,1,1,1,1,0,0,0,0,1,0,0,0,0,0,1
250,-2.032332709222014,-1.2913455816996093,-0.732986013659148,-1,-1,-1,0,1,0,0,0,0.31881531274134417,-2,0.22765639100620172,-0.5358210221672522,2,-0.6237953318001346,0.23525550895743164,-0.07546531948629838,-0.040274806222011794,1,1,0,1,0,1,0,0,0,0,0,0,0,1,0,0
251,0.7583116385599631,1.5268288657342204,0.3615447234700829,-1,0,-1,1,0,3,0,0,0.31881531274134417,-2,0.03775051941372667,-0.5170703077615739,2,-0.6237953318001346,-0.29892110121927334,-0.07546531948629838,-0.040274806222011794,0,1,1,0,1,0,0,0,0,0,0,0,0,1,0,0
252,-0.0027731835623884637,1.1144130929390257,-0.368142434616071,-1,-1,1,6,1,1,1,1,0.31881531274134417,-2,-0.9117788385486486,-0.6033235940276942,2,-0.434944073071625,-0.6316084285356642,-0.07546531948629838,-0.040274806222011794,1,0,0,0,0,0,0,0,0,0,1,0,0,0,0,2
253,-0.0027731835623884637,0.014637698818506841,-0.30733517144222483,-1,-1,-1,5,1,3,1,1,0.31881531274134417,-2,-0.626920031159936,1.8230188500670825,2,-0.6237953318001346,-0.13276144603857595,-0.07546531948629838,-0.040274806222011794,1,1,1,1,0,1,0,0,0,0,0,1,0,0,0,2
254,0.7583116385599631,3.588907729710193,3.2802933558146985,0,-1,-1,5,-2,2,1,1,0.31881531274134417,1,-1.5764493891223113,-0.6783264516504075,2,-0.6237953318001346,0.6032724639534391,-0.07546531948629838,-0.040274806222011794,0,1,1,1,0,0,0,0,0,0,0,0,1,0,0,0
255,-0.8907054760384773,-0.26030614971162286,-0.30733517144222483,1,0,-1,1,-2,0,0,0,0.31881531274134417,0,-1.3865435175298362,1.635511706010299,1,-0.8126465905286439,0.6213052947482436,-0.07546531948629838,-0.040274806222011794,1,1,1,1,0,0,0,0,0,0,0,0,1,0,0,1
256,0.6314641682062438,0.5645253958787663,-0.12491338192068635,-1,-1,-1,1,1,2,1,1,1.6097560053169502,-2,1.367091620561052,-0.4645683074256745,2,-0.6237953318001346,-0.29947312665176734,-0.07546531948629838,-0.040274806222011794,1,1,1,0,0,0,0,0,0,0,1,0,0,0,0,0
257,-0.8907054760384773,-0.9476657710369472,-1.0978295927022248,0,0,-1,1,0,1,1,0,0.31881531274134417,-1,-1.2915905817335986,1.4855059907648724,0,-1.4421507862903418,-0.7052118195348657,-0.07546531948629838,-0.040274806222011794,1,0,0,1,0,1,0,0,0,0,0,0,1,0,0,2
258,3.2952610456344926,-0.26030614971162286,0.7263883025131599,-1,-1,-1,1,0,0,1,0,0.31881531274134417,-2,0.4175622625986768,-0.5245705935238452,2,-0.6237953318001346,1.3924848239423775,-0.07546531948629838,-0.040274806222011794,1,1,1,0,0,0,0,0,0,0,0,0,1,0,0,0
259,-0.256468124269845,-1.3600815438321416,-0.30733517144222483,-1,0,-1,5,0,1,0,0,0.31881531274134417,-2,-1.196637645937361,1.7855174212557259,2,-0.6237953318001346,-0.7052118195348657,-0.07546531948629838,-0.040274806222011794,1,0,0,1,0,0,0,0,0,0,0,0,1,0,0,2
260,0.25092175714505904,-1.085137695302012,-0.8546005400068403,1,0,-1,0,0,1,1,0,0.31881531274134417,-2,-1.006731774344886,-0.5583218794540662,2,-0.6237953318001346,-0.13276144603857595,-0.07546531948629838,-0.040274806222011794,1,0,0,0,0,0,0,0,1,0,0,0,1,0,0,2
261,0.5046166978525156,0.28958154734863656,-0.12491338192068635,-1,-1,-1,1,0,2,1,1,0.31881531274134417,-2,-1.3865435175298362,-0.5808227367408801,2,-0.6237953318001346,-0.7052118195348657,-0.07546531948629838,-0.040274806222011794,0,0,0,1,0,0,0,0,0,0,0,0,0,0,0,2
262,-1.3980953574533814,-0.15720220651282424,0.3615447234700829,-1,-1,1,5,1,1,1,1,0.31881531274134417,-2,-0.15215535217874837,-0.5245705935238452,2,-0.05724155561460621,1.5411636737607644,-0.07546531948629838,-0.040274806222011794,1,1,1,0,1,0,0,0,0,0,0,1,0,0,0,0
263,0.12407428679133078,-1.2226096195670768,-0.5505642241376094,-1,0,-1,4,0,2,1,0,0.31881531274134417,0,-0.5319670953636985,-0.5583218794540662,1,0.6981634792994315,-0.29873709274177535,-0.07546531948629838,-0.040274806222011794,1,1,1,0,0,1,0,0,0,0,0,0,0,1,0,2
264,-0.0027731835623884637,-0.8101938467718823,2.30737714503316,-1,0,-1,4,0,0,1,0,0.31881531274134417,0,-0.9117788385486486,-0.5770725938597445,2,-0.6237953318001346,0.252736314319742,-0.07546531948629838,-0.040274806222011794,1,1,0,1,0,0,0,0,0,0,0,0,1,0,0,1
265,0.5046166978525156,-0.39777807397668774,-0.6113714873114556,1,0,-1,4,0,1,0,0,0.31881531274134417,0,-1.1016847101411236,-0.5583218794540662,0,-0.6237953318001346,0.23764761916490568,-0.07546531948629838,-0.040274806222011794,1,0,0,0,0,1,0,0,0,0,0,1,0,0,0,2
266,0.12407428679133078,-0.8789298089044147,-0.732986013659148,-1,0,-1,1,0,1,1,1,0.5253658235534413,-2,-0.5319670953636985,-0.5320708792861165,2,-0.6237953318001346,-0.3143778133291057,-0.07546531948629838,-0.040274806222011794,1,0,0,0,1,0,0,0,0,0,0,0,0,1,0,2
267,-0.0027731835623884637,-1.2913455816996093,-0.6113714873114556,-1,-1,-1,1,0,2,1,1,0.31881531274134417,-1,-0.2471082879749859,1.4480045619535158,2,-0.6237953318001346,-0.7052118195348657,-0.07546531948629838,-0.040274806222011794,1,0,1,1,0,0,0,0,0,0,0,0,1,0,0,2
268,1.3925489903285955,-0.5352499982417526,3.645136934857775,1,-1,-1,1,0,0,0,-1,1.093379728286708,0,-1.006731774344886,-0.550821593691795,2,-0.6237953318001346,5.019291915428032,-0.07546531948629838,-0.040274806222011794,1,1,1,1,0,1,0,0,0,0,0,0,1,0,0,2
269,-0.8907054760384773,-0.6727219225068175,1.2128464079039292,-1,-1,-1,4,0,1,1,-1,-0.4557491028040195,-1,-1.3865435175298362,-0.5583218794540662,2,-0.6237953318001346,-0.29873709274177535,-0.07546531948629838,-0.040274806222011794,1,1,1,1,1,0,0,0,0,0,0,0,1,0,0,0
270,-0.6370105353310208,0.014637698818506841,-0.30733517144222483,-1,-1,-1,6,1,0,1,1,0.31881531274134417,-1,0.03775051941372667,1.2604974178967325,2,-0.8126465905286439,0.0687278368217382,-0.07546531948629838,-0.040274806222011794,1,1,1,1,0,0,1,0,0,1,0,0,0,0,0,2
271,-0.0027731835623884637,0.7019973201438311,-0.003298855572994037,-1,-1,1,6,1,3,2,1,0.31881531274134417,-2,0.22765639100620172,-0.5545717365729306,2,-0.6237953318001346,-0.3143778133291057,-0.07546531948629838,-0.040274806222011794,1,1,1,1,1,0,0,0,0,0,1,0,0,0,0,2
272,-0.6370105353310208,1.3893569414691553,-0.12491338192068635,-1,-1,-1,6,0,2,0,0,0.31881531274134417,-2,1.4620445563572895,-0.5395711650483879,2,-0.6237953318001346,0.06854382834424019,-0.07546531948629838,-0.040274806222011794,1,1,1,0,0,0,0,0,0,0,0,1,0,0,0,0
273,-0.0027731835623884637,-0.12283422544655802,-0.30733517144222483,-1,-1,-1,1,1,3,1,1,0.31881531274134417,-2,-0.437014159567461,-0.5208204506427095,2,-0.6237953318001346,1.3416984841529283,-0.07546531948629838,-0.040274806222011794,1,1,1,1,0,1,0,0,0,0,0,0,0,0,0,1
274,0.7583116385599631,2.420396373457142,1.2128464079039292,0,-1,1,6,0,1,0,0,0.31881531274134417,-2,0.03775051941372667,-0.5695723080974733,2,-0.6237953318001346,0.0689118452992362,-0.07546531948629838,-0.040274806222011794,0,1,1,1,0,0,0,0,0,1,0,0,0,0,0,0
275,-0.256468124269845,-1.4975534680972067,-0.8546005400068403,-1,0,-1,5,-1,1,2,1,-1.2303135183493832,-1,-1.196637645937361,2.010525994123866,1,-1.4421507862903418,-0.13276144603857595,-0.07546531948629838,-0.040274806222011794,1,0,1,1,0,0,0,0,0,0,0,0,1,0,0,1
276,-1.6517902981608379,-1.0164017331694797,0.6047737761654676,1,-1,-1,0,0,1,2,0,1.3515678668018292,-2,-1.1491611780392423,-0.5583218794540662,2,-0.6237953318001346,-0.13276144603857595,-0.07546531948629838,-0.040274806222011794,1,0,0,1,0,0,0,0,0,0,0,1,0,0,0,2
277,-0.5101630649773016,-1.3600815438321416,-0.8546005400068403,0,0,-1,0,-2,0,1,1,0.31881531274134417,0,-1.196637645937361,-0.5470714508106592,2,-0.6237953318001346,-0.7052118195348657,-0.07546531948629838,-0.040274806222011794,1,0,0,1,0,0,1,0,0,0,0,0,1,0,0,2
278,-0.0027731835623884637,-0.8101938467718823,0.6047737761654676,-2,-1,-1,1,1,2,1,-1,1.6097560053169502,-2,-0.2471082879749859,-0.5320708792861165,0,-0.4978944926477949,0.8220585436985657,-0.07546531948629838,-0.040274806222011794,1,0,0,0,0,0,0,0,0,0,0,0,1,0,0,2
279,0.5046166978525156,-1.085137695302012,-1.0978295927022248,-1,-1,-1,0,-2,2,1,1,0.31881531274134417,-2,-1.2915905817335986,1.7105145636330126,2,-0.6237953318001346,-0.7052118195348657,-0.07546531948629838,-0.040274806222011794,1,0,1,1,0,0,0,0,0,0,0,0,1,0,0,2
280,2.280481282804684,-0.05409826331402559,-0.30733517144222483,-1,-1,-1,1,0,0,0,0,0.31881531274134417,-2,1.556997492153527,-0.5583218794540662,2,-0.6237953318001346,0.840459391448366,-0.07546531948629838,-0.040274806222011794,1,1,0,0,0,0,1,0,0,0,0,0,0,0,1,0
281,-0.0027731835623884637,-0.3290421118441553,-0.8546005400068403,-1,-2,1,1,0,1,1,0,0.31881531274134417,-2,0.9872798773761019,-0.5208204506427095,2,-0.6237953318001346,-0.4475999510376604,-0.07546531948629838,-0.040274806222011794,1,1,1,1,0,1,0,0,0,0,0,0,0,0,1,0
282,-0.0027731835623884637,-0.26030614971162286,-0.732986013659148,-1,-1,-1,1,0,2,1,1,0.31881531274134417,-2,-1.3865435175298362,-0.5620720223352018,2,-0.6237953318001346,-0.13036933583110188,-0.07546531948629838,-0.040274806222011794,1,1,1,1,0,0,0,0,0,0,0,0,0,0,0,2
283,0.37776922749878733,-0.8789298089044147,-0.30733517144222483,0,0,-1,4,-2,0,1,0,0.31881531274134417,0,-0.9117788385486486,-0.5470714508106592,1,2.3348743882798457,-0.7052118195348657,-0.07546531948629838,-0.040274806222011794,1,0,0,0,0,0,0,0,0,0,0,0,1,0,0,2
284,0.37776922749878733,-0.46651403610922015,-0.368142434616071,0,0,-1,4,0,0,1,0,0.31881531274134417,-2,-0.9117788385486486,-0.550821593691795,0,-0.6237953318001346,5.019291915428032,-0.07546531948629838,-0.040274806222011794,1,1,1,0,0,1,0,0,0,0,0,0,1,0,0,2
285,-0.5101630649773016,0.08337366095103926,-1.0978295927022248,-1,0,1,5,0,2,0,1,0.31881531274134417,-2,0.03775051941372667,-0.5395711650483879,2,-0.6237953318001346,-0.29947312665176734,-0.07546531948629838,-0.040274806222011794,1,1,0,1,0,0,0,0,0,0,0,0,1,0,0,1
286,1.646243931036052,0.1521096230835717,-0.003298855572994037,-1,-1,-1,1,0,2,1,1,0.31881531274134417,-2,-2.0512140681034987,-0.6145740226711012,2,-0.6237953318001346,-0.7052118195348657,-0.07546531948629838,-0.040274806222011794,0,0,0,1,0,0,0,0,0,0,0,0,0,0,0,2
287,-0.0027731835623884637,-0.5352499982417526,-0.30733517144222483,-1,-1,-1,1,0,2,1,1,0.31881531274134417,-2,-0.437014159567461,-0.5208204506427095,2,-0.6237953318001346,-0.3143778133291057,-0.07546531948629838,-0.040274806222011794,1,1,1,1,0,0,0,0,0,0,0,0,0,0,0,2
288,-0.256468124269845,-1.0164017331694797,0.3615447234700829,-1,0,-1,4,-1,1,1,1,0.31881531274134417,-1,-1.006731774344886,-0.5545717365729306,0,1.2647172554849593,0.840459391448366,-0.07546531948629838,-0.040274806222011794,1,1,1,0,0,0,0,0,0,0,0,0,1,0,0,2
289,0.5046166978525156,-1.1882416385008108,-0.8546005400068403,1,0,-1,0,-2,2,1,1,0.31881531274134417,0,-0.626920031159936,1.3730017043308025,2,-0.6237953318001346,-0.7052118195348657,-0.07546531948629838,-0.040274806222011794,1,0,0,1,0,0,1,0,0,0,0,0,0,1,0,2
290,0.8851591089136914,0.014637698818506841,0.8480028288608521,-1,-1,-1,1,0,2,1,-1,1.3515678668018292,-1,0.4175622625986768,-0.5583218794540662,2,-0.6237953318001346,0.6032724639534391,-0.07546531948629838,-0.040274806222011794,1,1,1,1,0,0,1,0,0,0,0,1,0,0,0,0
291,-1.5249428278071095,-0.46651403610922015,-0.6113714873114556,0,-1,-1,5,0,2,0,1,0.31881531274134417,0,-1.3865435175298362,-0.5433213079295235,1,-0.6237953318001346,5.019291915428032,-0.07546531948629838,-0.040274806222011794,1,1,1,1,0,1,0,0,0,0,0,0,0,1,0,0
292,-0.0027731835623884637,-0.05409826331402559,-0.368142434616071,-1,-1,-1,1,0,2,1,0,0.31881531274134417,-2,-0.626920031159936,1.523007419576229,2,-0.8126465905286439,-0.29873709274177535,-0.07546531948629838,-0.040274806222011794,1,0,1,1,1,0,0,0,0,0,0,1,0,0,0,1
293,0.37776922749878733,-1.3600815438321416,-0.8546005400068403,0,0,-1,1,-2,0,1,1,0.31881531274134417,-1,-1.196637645937361,1.7105145636330126,2,-0.6237953318001346,-0.7052118195348657,-0.07546531948629838,-0.040274806222011794,1,0,0,1,0,0,0,0,1,0,0,0,1,0,0,2
294,-0.0027731835623884637,1.3893569414691553,2.428991671380852,-2,-1,1,1,1,2,1,1,0.31881531274134417,-2,0.5125151983949143,1.635511706010299,2,-0.6237953318001346,-0.11546464915376359,-0.07546531948629838,-0.040274806222011794,1,0,1,1,0,1,0,0,0,0,1,0,0,0,0,1
295,-1.271247887099653,-0.26030614971162286,-0.368142434616071,-1,1,1,5,0,2,2,0,0.31881531274134417,-2,-0.5319670953636985,-0.5208204506427095,2,0.005708863961563362,-0.29892110121927334,-0.07546531948629838,-0.040274806222011794,1,1,0,0,1,0,0,0,0,0,1,0,0,0,0,1
296,-0.8907054760384773,-0.26030614971162286,-0.003298855572994037,-2,-1,-1,5,1,2,1,0,0.31881531274134417,-1,0.9872798773761019,-0.5470714508106592,2,-0.6237953318001346,-0.11546464915376359,-0.07546531948629838,-0.040274806222011794,1,1,1,1,0,1,0,0,0,0,1,0,0,0,0,0
297,-2.159180179575742,0.7019973201438311,-0.368142434616071,-1,-1,-1,4,0,2,2,0,0.31881531274134417,-2,0.03775051941372667,-0.5770725938597445,2,0.06865928353773322,-0.29892110121927334,-0.07546531948629838,-0.040274806222011794,1,1,1,0,1,0,0,0,0,0,0,1,0,0,0,2
298,-1.271247887099653,-1.3600815438321416,-0.6113714873114556,-1,-1,-1,1,0,2,1,1,0.31881531274134417,-2,-1.2915905817335986,1.523007419576229,0,-1.4421507862903418,0.4194479949329334,-0.07546531948629838,-0.040274806222011794,1,0,1,1,0,0,1,0,0,0,0,0,0,0,0,1
